grand_area,OverallQual,GarageCars,total_rooms,MasVnrArea,Fireplaces,LotFrontage,ExterQual,HeatingQC,BsmtQual,KitchenQual,GarageFinish,MasVnrType,SalePrice
3442,7,2,6,0.0,1,57.27,Gd,TA,Gd,Gd,Fin,None,260000
3734,8,2,7,186.0,1,64.0,Ex,Ex,Ex,Gd,Fin,Stone,392500
3245,6,2,9,16.0,1,60.0,TA,Ex,Gd,TA,Fin,BrkFace,179000
2630,6,2,6,0.0,2,62.45,TA,TA,Gd,TA,RFn,None,146800
2176,5,1,5,0.0,0,57.27,TA,TA,TA,TA,Unf,None,144000
3932,9,2,8,616.0,1,63.0,Ex,Ex,Ex,Ex,RFn,BrkFace,266000
3290,7,2,9,0.0,1,71.28,Gd,Ex,Gd,Gd,Fin,None,248000
1947,6,1,7,105.0,0,75.0,TA,TA,TA,TA,RFn,BrkFace,140000
4654,8,3,12,0.0,1,85.66,Gd,Ex,Gd,Gd,RFn,None,310000
2864,7,2,8,106.0,0,36.0,Gd,Ex,Gd,Gd,RFn,Stone,154000
3545,5,2,7,0.0,1,70.0,TA,Gd,TA,Gd,RFn,None,165500
2197,5,1,6,0.0,0,79.0,TA,TA,TA,TA,Unf,None,123000
3423,6,1,10,0.0,0,90.0,TA,TA,TA,Fa,Unf,None,117500
3100,6,2,7,260.0,1,62.45,Gd,Ex,Gd,Gd,Fin,BrkFace,222000
3212,8,2,9,0.0,0,68.0,Gd,Ex,Gd,Gd,RFn,None,212000
2491,5,1,7,0.0,0,68.22,TA,Ex,TA,TA,Fin,None,138800
4803,8,3,11,375.0,1,110.0,Gd,Gd,Gd,Gd,Fin,BrkFace,395000
4424,9,3,11,452.0,1,90.0,Ex,Ex,Ex,Gd,Unf,BrkFace,314813
4066,7,3,9,228.0,0,73.0,Gd,Ex,Gd,Gd,RFn,BrkFace,232000
3528,6,1,11,0.0,1,61.0,TA,Ex,TA,Gd,Unf,None,259500
2939,7,2,8,189.0,1,80.0,TA,TA,Gd,TA,RFn,BrkFace,152000
3088,6,2,9,0.0,2,50.0,TA,Ex,TA,TA,Unf,None,159000
2754,6,2,9,0.0,0,64.0,Gd,Ex,Gd,Gd,Fin,None,173500
3731,7,2,7,145.0,1,62.45,Gd,Gd,Gd,Gd,Fin,BrkFace,275000
2344,5,1,8,0.0,0,75.0,TA,Gd,TA,TA,Fin,None,135500
3736,7,2,10,573.0,0,77.92,TA,Ex,Gd,Gd,RFn,BrkFace,219500
1948,5,2,5,0.0,0,30.0,TA,Gd,Fa,TA,Unf,None,73000
1881,6,1,7,381.0,0,21.0,TA,TA,TA,TA,Unf,BrkFace,88000
2468,5,1,7,0.0,0,68.22,TA,TA,TA,TA,Unf,None,136500
1832,5,1,5,294.0,2,60.0,TA,TA,TA,Gd,Unf,Stone,119000
2366,5,1,7,0.0,0,70.0,TA,TA,TA,TA,RFn,None,133700
3773,7,2,10,0.0,1,75.0,Gd,Ex,Gd,Gd,RFn,None,253000
1747,4,1,6,0.0,0,21.0,TA,TA,Gd,TA,Unf,None,91000
2185,3,2,10,0.0,1,77.92,TA,Ex,TA,TA,Unf,None,139600
3868,8,2,6,0.0,1,41.0,Gd,Ex,Ex,Ex,Fin,None,286000
3059,7,2,9,50.0,0,24.0,Gd,Ex,Gd,Gd,Unf,Stone,130000
5267,8,2,10,0.0,1,174.0,Gd,Gd,TA,Gd,Unf,None,235000
4532,8,3,9,300.0,1,86.0,Gd,Ex,Ex,Ex,Fin,Stone,325624
3711,7,2,8,171.0,1,75.0,Gd,Ex,Gd,Gd,Unf,BrkFace,213000
3009,6,2,9,116.0,0,70.0,TA,Ex,Gd,Gd,RFn,BrkFace,200500
2224,4,1,9,0.0,0,57.0,TA,Fa,TA,TA,Unf,None,107000
2441,6,1,8,0.0,0,60.0,TA,Ex,TA,TA,Unf,None,135000
2543,4,1,8,0.0,0,60.0,TA,Gd,TA,TA,Unf,None,108000
3983,6,2,8,0.0,1,137.0,Gd,Ex,TA,Gd,Fin,None,190000
4649,7,3,11,256.0,1,90.0,Gd,Ex,Gd,Gd,RFn,BrkFace,260000
2977,7,2,9,40.0,1,74.0,TA,Gd,Gd,TA,Fin,BrkFace,185000
2062,5,1,6,31.0,0,62.45,TA,TA,TA,TA,Unf,BrkFace,122000
2341,6,1,8,0.0,0,54.0,TA,TA,TA,TA,Unf,None,103600
3247,7,2,12,0.0,1,85.66,Gd,Gd,Gd,Gd,Fin,None,199900
3322,7,2,8,98.0,0,65.0,Gd,Ex,Gd,Gd,RFn,BrkFace,185500
2140,3,1,7,0.0,0,50.0,TA,Ex,TA,TA,Unf,None,120000
3490,7,2,7,0.0,1,62.45,Gd,Ex,Gd,Gd,RFn,None,215000
3402,5,2,8,0.0,1,90.0,Gd,TA,Gd,Gd,RFn,None,218000
1646,4,2,7,0.0,0,67.0,TA,Ex,TA,Gd,Fin,None,108000
2050,4,2,5,0.0,0,69.0,TA,TA,TA,TA,Unf,None,129500
2976,7,2,8,0.0,1,62.0,Gd,Ex,Gd,Gd,Unf,None,176000
3084,5,1,7,128.0,1,70.0,TA,TA,TA,TA,RFn,BrkFace,143000
2630,5,2,6,0.0,0,60.0,TA,Gd,Ex,TA,Fin,None,157000
974,2,1,4,0.0,0,60.0,TA,TA,TA,Fa,Unf,None,60000
3984,6,2,9,157.0,1,79.0,TA,TA,Gd,TA,Unf,BrkFace,207500
1260,4,0,4,0.0,0,21.0,TA,Ex,Gd,TA,Unf,None,75500
1468,5,2,8,0.0,0,60.0,TA,Gd,TA,TA,Unf,None,98300
2393,6,2,7,0.0,1,60.0,TA,Ex,TA,TA,Unf,None,131000
3176,7,2,9,288.0,2,77.92,TA,TA,TA,Gd,Unf,Stone,201800
2862,5,2,9,263.0,0,80.0,TA,Ex,TA,TA,Fin,BrkFace,152000
1758,6,1,6,297.0,1,21.0,TA,TA,TA,TA,Unf,BrkFace,94500
2687,7,2,7,11.0,1,43.0,Gd,Ex,Gd,Gd,Fin,BrkFace,160200
2198,5,2,6,0.0,1,100.0,TA,TA,TA,TA,Unf,None,142500
2131,6,1,7,0.0,1,75.0,TA,TA,Gd,TA,RFn,None,120000
7685,10,3,13,0.0,2,160.0,Gd,Ex,Ex,Ex,Fin,None,745000
3681,7,2,9,240.0,2,71.28,TA,Ex,Gd,TA,RFn,Stone,200000
4578,9,3,7,0.0,1,68.0,Gd,Gd,Ex,Gd,Fin,None,385000
4084,8,3,9,338.0,1,71.0,Gd,Ex,Gd,Gd,RFn,Stone,293077
2800,6,2,7,72.0,1,54.0,TA,Gd,Gd,Gd,Unf,BrkFace,176000
2244,5,1,6,0.0,0,50.0,TA,TA,TA,TA,Unf,None,110000
4063,8,2,9,0.0,1,71.28,Gd,Ex,Gd,Ex,RFn,None,236500
3754,8,2,9,0.0,1,81.0,Gd,Ex,Gd,Gd,RFn,None,232600
2352,5,1,7,132.0,0,80.0,TA,Ex,TA,TA,RFn,BrkFace,124500
4766,9,3,12,0.0,1,89.0,Ex,Ex,Ex,Ex,Fin,None,378500
4180,8,3,9,200.0,1,98.0,Gd,Ex,Ex,Gd,RFn,Stone,306000
2682,4,2,6,0.0,1,60.0,TA,TA,TA,Fa,Unf,None,115000
3269,7,2,10,0.0,0,91.0,Gd,Ex,Gd,Gd,RFn,None,202500
2842,7,2,8,0.0,0,62.0,Gd,Ex,Gd,Gd,RFn,None,185000
1924,4,1,7,0.0,0,68.22,TA,TA,TA,TA,RFn,None,83500
4154,8,3,8,274.0,1,67.0,Gd,Ex,Gd,Gd,RFn,Stone,248900
3888,5,2,12,0.0,1,60.0,TA,TA,TA,TA,Unf,None,160000
4598,9,3,10,302.0,1,84.0,Ex,Ex,Ex,Ex,Fin,Stone,320000
4796,8,3,10,473.0,1,80.0,Gd,Gd,Gd,Gd,Fin,BrkFace,315000
3156,6,1,9,0.0,0,75.0,TA,Ex,Gd,TA,Unf,None,160000
3010,7,2,8,0.0,1,43.0,Gd,Ex,Gd,Gd,RFn,None,212000
3888,5,2,10,164.0,0,77.92,TA,Fa,TA,TA,Unf,BrkFace,136905
2112,6,1,6,0.0,0,65.0,TA,Gd,TA,Gd,Unf,None,142000
2190,4,1,8,0.0,0,40.0,TA,Gd,TA,Gd,Unf,None,125500
1750,6,1,6,127.0,0,21.0,TA,TA,TA,TA,Unf,BrkFace,106000
2612,5,1,8,0.0,0,50.0,TA,Ex,TA,TA,Unf,None,119000
3199,6,2,7,0.0,1,87.0,Ex,Ex,Gd,TA,Unf,None,176500
3308,7,3,9,72.0,1,53.0,Gd,Ex,Ex,Gd,Fin,BrkFace,194201
1728,4,0,6,0.0,1,70.0,TA,TA,TA,TA,Unf,None,115000
2754,7,2,8,81.0,2,85.0,TA,TA,Gd,Gd,RFn,BrkFace,170000
2548,7,1,7,0.0,1,60.0,TA,TA,Gd,TA,RFn,None,149000
2252,6,2,6,0.0,1,24.0,TA,TA,Gd,TA,Fin,None,124000
1460,4,2,5,0.0,0,60.0,TA,TA,TA,TA,Unf,None,109900
2624,7,2,10,0.0,1,85.0,Gd,Ex,Gd,Gd,Fin,None,155835
2279,5,1,6,0.0,0,70.0,TA,Ex,TA,TA,Unf,None,117500
2279,5,1,6,0.0,0,65.0,TA,Gd,Gd,TA,Unf,None,126000
4238,7,3,10,205.0,1,79.0,Ex,Ex,Ex,Ex,Fin,Stone,311872
2577,5,2,7,0.0,1,98.0,TA,TA,TA,TA,Unf,None,144000
2958,6,2,8,0.0,0,65.0,Gd,Ex,Gd,Gd,RFn,None,173000
3930,5,2,6,0.0,0,90.0,TA,Gd,TA,TA,Unf,None,153500
2130,5,1,8,0.0,0,60.0,TA,Fa,TA,TA,Unf,None,126000
2116,6,2,5,170.0,0,57.27,Gd,Ex,Gd,Gd,Fin,BrkFace,140000
2986,5,2,8,0.0,1,85.0,TA,Gd,TA,Gd,RFn,None,179900
2448,5,2,6,0.0,0,60.0,TA,Gd,TA,Gd,RFn,None,129000
2646,6,2,6,0.0,1,50.0,TA,Gd,TA,Gd,Unf,None,110500
3040,7,2,8,0.0,0,73.0,Gd,Ex,Gd,Gd,Fin,None,176485
5002,10,3,9,286.53,1,107.0,Ex,Ex,Ex,Ex,Fin,None,465000
3015,5,2,8,0.0,0,71.0,TA,Fa,TA,TA,Unf,None,166000
2680,5,2,6,0.0,0,74.0,TA,Gd,Gd,TA,Unf,None,155000
2568,5,1,8,0.0,1,41.0,TA,Ex,TA,TA,RFn,None,127000
2788,5,1,6,0.0,0,62.45,TA,TA,Gd,Gd,Unf,None,143500
5096,8,2,11,337.0,1,85.0,Gd,Ex,Gd,Gd,Fin,BrkFace,285000
5066,8,3,11,506.0,1,174.0,Gd,Ex,Gd,Ex,Fin,BrkFace,403000
2712,6,1,8,0.0,0,84.0,TA,TA,TA,TA,Unf,None,125000
3648,7,2,8,183.0,0,78.0,Gd,Ex,Gd,Gd,RFn,BrkFace,214000
4744,7,4,9,0.0,1,65.0,Gd,TA,TA,Gd,Unf,None,265979
2669,6,1,7,0.0,0,66.0,TA,TA,Gd,Fa,Unf,None,128000
3872,6,2,9,0.0,2,71.28,TA,Ex,TA,TA,Fin,None,237500
3640,6,2,11,0.0,2,85.0,TA,TA,Fa,TA,Unf,None,206900
2484,5,1,7,0.0,0,59.0,TA,Gd,TA,TA,Unf,None,147000
3868,7,2,10,180.0,1,68.0,Gd,Ex,Gd,Gd,RFn,Stone,220000
4329,9,3,10,204.0,2,77.92,Gd,Ex,Ex,Ex,Fin,BrkFace,313000
1659,5,1,6,0.0,0,85.0,TA,Fa,TA,TA,Unf,None,83000
2949,6,2,9,336.0,1,77.0,Gd,TA,Gd,Gd,Fin,BrkFace,178000
3236,6,2,7,135.0,1,34.0,Gd,Ex,Gd,Gd,RFn,Stone,196000
4520,9,3,10,200.0,1,86.0,Gd,Ex,Ex,Gd,Fin,Stone,377426
2661,5,2,7,168.0,0,79.0,TA,TA,TA,TA,RFn,BrkFace,156000
2702,5,1,7,120.0,0,92.0,TA,Ex,TA,Gd,Unf,BrkFace,130000
2116,6,2,4,147.0,1,35.62,Gd,Ex,Gd,Gd,RFn,BrkFace,141000
2490,5,1,6,0.0,1,80.0,Gd,Gd,TA,Gd,Unf,None,147000
3696,7,3,9,0.0,1,71.28,Gd,Ex,Gd,Gd,RFn,None,235000
2228,4,1,6,0.0,0,50.0,TA,Gd,TA,Fa,Unf,None,108500
2570,5,2,7,376.0,0,24.0,TA,Ex,TA,TA,Unf,BrkFace,122500
3997,6,2,9,113.0,1,71.28,TA,TA,Gd,TA,Unf,BrkCmn,129000
2452,4,2,7,0.0,0,67.0,TA,TA,Fa,TA,Unf,None,102000
3210,7,2,8,94.0,1,48.0,Gd,Ex,Gd,Gd,RFn,Stone,202500
2986,5,1,6,0.0,2,115.0,TA,Gd,TA,TA,RFn,None,170000
2775,6,1,7,0.0,2,60.0,TA,Ex,TA,TA,Unf,None,140000
3798,5,1,13,0.0,0,60.0,TA,TA,TA,TA,RFn,None,107500
3658,7,2,10,0.0,0,76.0,Gd,Ex,Gd,Gd,RFn,None,233000
2187,4,1,5,0.0,0,57.27,TA,Ex,TA,TA,Unf,None,135750
6168,10,3,12,200.0,2,105.0,Ex,Ex,Ex,Ex,Fin,Stone,555000
1856,4,1,5,0.0,0,60.0,Fa,Gd,TA,TA,Unf,None,82000
2178,5,2,9,0.0,0,73.0,TA,Gd,Gd,Gd,Fin,None,167500
3212,7,2,8,240.0,1,43.0,Gd,Ex,Gd,Gd,RFn,Stone,185850
3306,8,2,11,0.0,0,85.0,Gd,Ex,Gd,Gd,Fin,None,202900
3242,6,2,7,387.0,2,80.0,TA,TA,TA,TA,RFn,BrkFace,166000
2376,5,1,7,0.0,0,60.0,TA,Gd,Fa,TA,Unf,None,67000
4485,8,3,9,428.0,1,75.0,Gd,Ex,Ex,Gd,RFn,BrkFace,147000
3926,6,2,9,120.0,0,70.0,Gd,Ex,Gd,Gd,RFn,BrkFace,200000
3625,6,2,13,0.0,1,75.0,TA,TA,TA,TA,Unf,None,240000
4752,7,3,12,220.0,1,77.0,Gd,Ex,Ex,Ex,Fin,Stone,383970
2752,4,2,6,0.0,0,94.0,TA,Gd,TA,TA,Unf,None,132250
2026,5,1,6,0.0,0,62.0,TA,TA,TA,TA,RFn,None,130000
2180,5,1,6,0.0,0,61.0,TA,TA,TA,TA,Unf,None,119500
3254,7,1,7,0.0,1,86.0,Gd,Gd,Gd,Gd,Fin,None,250000
2848,6,2,9,0.0,0,65.0,Gd,Ex,Gd,Gd,RFn,None,175900
3419,6,2,12,0.0,0,85.66,TA,Gd,TA,Gd,Unf,None,214500
2128,5,1,6,0.0,0,88.0,TA,TA,Gd,TA,Unf,None,110000
4685,7,2,10,0.0,2,150.0,TA,TA,Gd,TA,RFn,None,375000
3096,7,2,8,82.0,0,64.0,Gd,Ex,Gd,Gd,RFn,Stone,194500
3197,5,1,9,335.0,0,81.0,TA,Ex,TA,TA,Unf,BrkFace,131500
2321,5,2,6,0.0,1,65.0,TA,TA,Gd,TA,Unf,None,119900
2096,5,1,6,0.0,0,75.0,TA,TA,TA,TA,Unf,None,128200
2699,6,2,8,0.0,1,85.0,TA,TA,Gd,TA,RFn,None,179900
2282,4,1,6,0.0,0,51.0,TA,TA,TA,TA,Unf,None,121600
3033,7,2,8,0.0,0,72.0,Gd,Ex,Gd,Gd,RFn,None,183000
2598,6,2,8,0.0,1,68.22,TA,Gd,Gd,TA,Fin,None,187500
3205,7,2,8,0.0,0,65.0,Gd,Ex,Gd,Gd,RFn,None,185000
2999,6,2,7,85.0,1,62.45,Gd,TA,Gd,Gd,Unf,BrkFace,180000
3240,7,2,9,0.0,1,60.0,TA,Gd,TA,Gd,Fin,None,189000
2391,6,1,7,0.0,0,70.0,TA,TA,TA,TA,RFn,None,154500
3162,6,2,9,0.0,0,65.0,TA,Ex,Gd,Gd,RFn,None,231500
3597,7,2,11,34.0,1,85.52,TA,Fa,TA,Gd,Fin,BrkFace,235000
2144,6,2,6,80.0,0,35.0,TA,Ex,Gd,TA,RFn,BrkFace,148000
2856,7,2,7,168.0,0,80.0,TA,TA,TA,TA,Unf,BrkFace,140000
2584,6,2,10,0.0,0,51.0,TA,Ex,Gd,Gd,Fin,None,176000
5282,9,3,12,870.0,2,56.0,Ex,Ex,Ex,Ex,Fin,BrkFace,437154
4638,8,3,9,426.0,1,96.0,Ex,Ex,Ex,Ex,Fin,Stone,394617
3736,8,2,7,481.0,1,44.0,Gd,Ex,Gd,Gd,Fin,Stone,235000
4005,8,3,7,0.0,1,89.0,Gd,Ex,Gd,Gd,RFn,None,262000
3251,7,2,9,158.0,0,68.0,Gd,Ex,Gd,Gd,RFn,BrkFace,193000
2273,5,2,10,0.0,0,75.0,TA,TA,TA,Gd,Unf,None,126000
3013,6,2,7,0.0,1,68.22,TA,Ex,Gd,Gd,Unf,None,173000
2304,4,2,6,0.0,0,62.45,TA,TA,TA,TA,Unf,None,111250
2962,6,2,7,0.0,1,68.22,Gd,TA,Gd,TA,RFn,None,165000
4730,7,2,9,287.0,1,71.28,TA,TA,Gd,TA,RFn,BrkFace,180000
4730,9,3,10,66.0,1,129.0,Gd,Ex,Ex,Ex,Fin,BrkFace,315000
3448,7,2,8,0.0,0,67.0,Gd,Ex,Gd,Gd,RFn,None,187100
2884,5,1,7,0.0,0,68.0,TA,TA,TA,TA,Unf,None,129000
2690,5,2,7,0.0,0,70.0,TA,TA,TA,TA,Fin,None,132000
2811,6,1,7,0.0,1,52.0,TA,TA,TA,TA,Unf,None,127500
3194,7,2,10,0.0,2,51.0,TA,Gd,TA,TA,Unf,None,129900
1587,1,0,5,0.0,0,57.27,Fa,Gd,Fa,Fa,Unf,None,61000
3036,3,3,7,0.0,0,120.0,Fa,TA,TA,TA,RFn,None,81000
3098,7,1,8,600.0,2,71.28,TA,Ex,TA,TA,Unf,BrkFace,169500
3048,6,2,9,120.0,0,76.0,Gd,Ex,Gd,Gd,RFn,BrkFace,187000
1568,3,0,7,0.0,0,50.0,TA,Fa,TA,TA,Unf,None,37900
1576,4,0,5,0.0,2,57.27,TA,TA,TA,TA,Unf,None,100000
2790,6,2,9,0.0,1,71.28,TA,Gd,Gd,TA,RFn,None,178000
4124,8,3,10,208.0,1,116.0,Gd,Ex,Gd,Gd,RFn,Stone,255000
2214,7,2,9,0.0,1,71.28,TA,Ex,Gd,TA,Fin,None,180000
2574,6,2,10,0.0,1,65.0,Gd,Ex,Gd,Gd,Fin,None,163990
7592,10,3,13,1170.0,2,104.0,Ex,Ex,Ex,Ex,Fin,BrkFace,755000
3423,5,2,10,0.0,1,77.92,Gd,Ex,TA,Gd,Unf,None,172500
2384,5,1,7,0.0,0,80.0,TA,TA,TA,TA,Unf,None,118500
3025,5,1,8,0.0,1,50.0,TA,TA,TA,Gd,Unf,None,127000
3136,8,2,7,0.0,1,41.0,Gd,Gd,Gd,Gd,RFn,None,180000
3250,7,2,10,660.0,1,80.0,TA,TA,TA,TA,RFn,BrkFace,205000
3041,6,2,9,92.0,1,70.0,TA,Gd,TA,TA,RFn,BrkFace,172500
4365,8,3,9,630.0,1,85.0,Gd,Ex,Ex,Gd,Fin,BrkFace,312500
2116,6,2,5,170.0,0,57.27,Gd,Ex,Gd,Gd,Fin,BrkFace,144000
2088,5,1,6,0.0,1,60.0,TA,Gd,TA,TA,Unf,None,62383
2942,5,2,9,0.0,1,60.0,Gd,Ex,Gd,TA,Fin,None,192140
2478,6,1,8,0.0,0,60.0,TA,Ex,TA,TA,Unf,None,153575
2621,7,2,7,0.0,0,34.0,Gd,Ex,Gd,Gd,Unf,None,146000
2795,6,1,7,0.0,0,80.0,TA,Ex,TA,TA,Unf,None,140000
4152,9,3,8,70.0,1,89.0,Gd,Ex,Ex,Ex,Fin,Stone,315500
3375,7,2,10,0.0,0,79.0,Gd,Ex,Gd,Gd,RFn,None,213500
2545,3,1,7,0.0,0,49.0,TA,Ex,TA,TA,Unf,None,126175
3536,4,0,10,0.0,0,72.0,TA,TA,TA,TA,Unf,None,136500
3972,8,3,9,53.0,1,75.0,Gd,Ex,Gd,Gd,RFn,BrkFace,232000
3884,8,3,8,468.0,1,78.0,TA,Ex,Gd,Gd,RFn,Stone,245000
2188,5,1,7,41.0,0,68.22,TA,TA,TA,TA,Unf,BrkCmn,109900
3059,7,2,9,50.0,0,24.0,Gd,Ex,Gd,Gd,Unf,Stone,137500
3352,5,1,8,0.0,0,60.0,TA,Gd,TA,TA,Unf,None,138000
3364,7,2,9,340.0,1,82.0,Gd,Gd,Gd,Gd,Fin,BrkFace,228500
4996,10,3,13,1031.0,1,66.0,Ex,Ex,Ex,Gd,Fin,BrkFace,438780
3044,6,2,7,144.0,0,80.0,Gd,Ex,TA,Gd,RFn,BrkFace,145000
2378,5,2,6,0.0,0,120.0,TA,TA,TA,TA,Unf,None,122000
3218,6,2,6,0.0,1,78.0,TA,TA,TA,Gd,RFn,None,197500
3732,6,2,9,106.0,2,110.0,TA,Ex,TA,Gd,Fin,BrkFace,257500
3687,7,2,10,299.0,1,83.0,TA,Ex,Gd,TA,Fin,BrkFace,192000
2396,5,1,6,0.0,0,68.0,TA,Gd,TA,Gd,Unf,None,142125
2314,5,2,5,0.0,0,60.0,TA,TA,TA,Gd,Unf,None,135000
2388,5,2,7,0.0,0,60.0,TA,TA,TA,TA,RFn,None,123000
2228,6,1,6,0.0,1,50.0,TA,TA,TA,TA,RFn,None,120000
3106,5,1,8,145.0,1,68.0,TA,Ex,TA,TA,Unf,Stone,144500
2833,6,2,8,360.0,0,80.0,TA,TA,TA,TA,RFn,BrkFace,167900
2920,7,2,8,16.0,1,43.0,Gd,Ex,Gd,Gd,Fin,BrkFace,159895
2121,5,1,6,0.0,0,70.0,TA,Fa,TA,TA,Fin,None,120000
2107,5,2,10,75.0,1,100.0,TA,TA,TA,TA,Unf,BrkFace,115000
3080,7,2,6,0.0,1,85.0,TA,TA,TA,TA,Unf,None,167000
3762,7,2,10,0.0,1,77.92,Gd,Ex,Gd,Gd,Fin,None,236000
3834,5,2,11,0.0,0,51.0,TA,Ex,TA,TA,RFn,None,189000
1592,4,0,6,0.0,0,40.0,TA,Fa,TA,TA,Unf,None,55000
3170,7,2,7,0.0,1,47.0,Gd,Ex,Ex,Gd,RFn,None,208900
2554,7,1,8,0.0,1,52.0,TA,Gd,TA,TA,Unf,None,145000
4601,8,3,11,513.0,1,65.0,Gd,Ex,Gd,Gd,RFn,BrkFace,290000
2582,5,2,7,0.0,0,75.0,TA,Ex,TA,TA,Unf,None,131500
3166,7,2,7,0.0,1,60.0,Gd,Ex,Gd,Gd,RFn,None,187750
2444,5,2,7,153.0,0,71.0,TA,TA,TA,TA,Unf,BrkFace,135000
2128,4,2,5,0.0,0,140.0,TA,Ex,TA,TA,Unf,None,141000
4578,7,2,14,0.0,2,102.0,TA,Ex,TA,TA,Fin,None,197000
4430,7,2,11,456.0,1,134.0,Gd,Ex,Gd,Gd,RFn,BrkFace,320000
2727,6,1,7,176.0,0,66.0,TA,TA,TA,TA,Unf,BrkFace,155000
3936,6,2,9,0.0,1,84.0,TA,TA,TA,Gd,Unf,None,243000
4800,5,2,9,44.0,0,89.0,TA,TA,TA,TA,Unf,BrkFace,137900
2133,7,2,6,0.0,0,57.27,Gd,Ex,Gd,Gd,Unf,None,148800
3875,7,2,7,448.0,2,81.0,Gd,Ex,Gd,Gd,RFn,BrkFace,271000
3210,7,2,8,94.0,1,40.0,Gd,Ex,Gd,Gd,RFn,Stone,202665
2388,6,2,7,0.0,1,79.0,TA,Ex,TA,TA,Fin,None,159500
3018,6,2,9,0.0,1,71.28,TA,Ex,Gd,TA,Fin,None,181000
2028,6,1,6,0.0,0,70.0,TA,Ex,TA,TA,Unf,None,127500
2578,6,2,6,0.0,1,53.0,TA,TA,Gd,TA,RFn,None,127500
5023,9,3,13,268.0,1,67.0,Ex,Ex,Ex,Ex,Fin,Stone,446261
2984,6,2,8,365.0,1,90.0,Gd,Gd,TA,TA,Unf,BrkFace,175000
6070,10,3,10,705.0,2,77.92,Ex,Ex,Ex,Ex,RFn,BrkFace,466500
2928,8,2,7,0.0,1,40.0,Gd,Gd,Gd,Gd,Fin,None,189000
5346,8,3,14,340.0,1,77.0,Gd,Ex,Ex,Gd,RFn,Stone,424870
3808,5,1,12,84.0,0,85.66,TA,TA,TA,TA,Unf,BrkFace,119000
2512,4,1,7,0.0,1,68.22,TA,TA,TA,TA,RFn,None,141000
2461,6,2,7,266.0,1,69.0,TA,TA,TA,TA,RFn,BrkFace,155000
4797,8,2,11,362.0,2,98.0,Gd,Ex,Ex,Gd,RFn,BrkFace,325000
2496,6,2,6,0.0,0,73.0,TA,Ex,Gd,Gd,Unf,None,147000
3568,7,2,10,309.0,2,88.0,TA,Ex,TA,Gd,Fin,BrkFace,226000
3976,7,2,9,0.0,0,60.0,TA,Ex,TA,TA,Unf,None,159500
2476,6,2,7,0.0,1,62.45,TA,TA,Gd,TA,RFn,None,128000
2594,7,2,9,0.0,1,63.0,Gd,Ex,Gd,Gd,Fin,None,189000
2804,5,2,7,0.0,0,66.0,TA,Ex,TA,Gd,Unf,None,159000
2116,6,2,4,169.0,0,35.62,Gd,Ex,Gd,Gd,RFn,BrkFace,143000
3029,7,2,10,0.0,1,63.0,TA,Gd,Gd,TA,Fin,None,176500
2403,7,2,7,0.0,0,35.0,Gd,Ex,Gd,Gd,RFn,None,164700
2294,3,1,7,0.0,1,60.0,TA,Fa,TA,TA,Unf,None,91000
4030,7,3,9,27.0,1,50.0,Gd,Ex,Gd,Gd,RFn,BrkFace,240000
3388,6,1,11,0.0,0,69.0,TA,Gd,Fa,Fa,Unf,None,137000
2526,6,2,8,0.0,1,65.0,TA,Gd,Gd,TA,Fin,None,174000
3307,7,2,9,16.0,1,43.0,Gd,Ex,Gd,Gd,Fin,BrkFace,181000
2818,6,2,7,0.0,1,94.0,TA,TA,TA,TA,Unf,None,107000
4099,7,2,9,0.0,0,80.0,Gd,Ex,Ex,Gd,RFn,None,328000
1714,4,1,5,0.0,0,47.0,TA,TA,TA,TA,Unf,None,80000
3455,5,2,9,0.0,1,70.0,TA,Gd,Gd,TA,Unf,None,175000
4321,7,2,8,102.0,1,80.0,TA,Gd,Gd,TA,Fin,BrkFace,241500
4327,6,2,11,220.0,1,85.52,TA,TA,TA,Gd,Unf,BrkFace,250000
3020,7,2,8,0.0,1,65.0,Gd,Ex,Gd,Gd,Fin,None,164990
2228,5,2,5,0.0,0,74.0,TA,TA,TA,TA,Unf,None,137000
3568,7,2,8,183.0,0,78.0,Gd,Ex,Gd,Gd,RFn,BrkFace,204000
4223,8,2,9,396.0,1,71.28,Gd,Ex,Gd,Gd,Fin,BrkFace,287000
2360,5,2,6,0.0,0,57.0,Gd,Ex,Gd,TA,Unf,None,148000
3313,6,2,10,252.0,1,77.92,TA,Gd,TA,TA,RFn,BrkFace,190000
2632,5,1,9,0.0,0,51.0,TA,Ex,TA,TA,Unf,None,137500
2955,6,2,7,0.0,1,76.0,TA,Ex,TA,TA,RFn,None,163000
2166,4,1,6,0.0,0,77.0,TA,Ex,TA,TA,Unf,None,109008
1890,4,0,7,0.0,1,21.0,TA,TA,TA,TA,Unf,None,97000
3908,7,2,8,442.0,0,48.0,TA,Ex,Gd,Gd,RFn,BrkFace,224900
3521,7,2,10,0.0,2,77.92,Gd,Ex,Gd,Gd,RFn,None,205000
2258,7,2,9,170.0,1,71.28,TA,Gd,Gd,Gd,Fin,BrkFace,163900
1133,4,0,6,0.0,0,58.0,TA,Ex,TA,TA,Unf,None,86000
1219,5,1,6,0.0,1,60.0,TA,Ex,TA,TA,Unf,None,107500
2258,7,2,9,22.0,1,71.28,TA,Gd,Gd,TA,Fin,BrkFace,168500
3077,6,2,9,0.0,1,71.28,TA,Ex,Gd,TA,RFn,None,172400
2773,5,2,8,148.0,0,80.0,TA,Gd,TA,TA,RFn,BrkFace,155000
3042,8,0,10,0.0,0,50.0,TA,Fa,TA,TA,Unf,None,122000
3184,6,2,7,451.0,2,68.22,TA,TA,TA,TA,Unf,BrkFace,143000
2144,5,1,6,0.0,0,50.0,TA,Gd,TA,TA,Fin,None,112500
4888,8,3,10,246.0,0,80.0,Gd,Ex,Gd,Gd,Fin,Stone,305900
3518,8,2,5,0.0,0,57.27,Gd,TA,Gd,Gd,RFn,None,212000
3068,6,2,8,0.0,1,78.0,Gd,Gd,Gd,Gd,RFn,None,176432
4424,9,3,12,216.0,1,74.0,Gd,Ex,Ex,Ex,Fin,Stone,350000
3621,7,2,10,0.0,1,75.0,Gd,Ex,Gd,Gd,Fin,None,263000
2546,5,1,8,188.0,1,71.28,TA,TA,TA,TA,Unf,BrkFace,158000
4282,9,3,13,245.0,1,77.0,Gd,Ex,Gd,Ex,Fin,BrkFace,325000
2262,7,2,6,0.0,0,51.0,TA,Ex,TA,TA,Unf,None,132000
4534,8,3,9,42.0,1,107.0,Gd,Ex,Ex,Gd,Fin,Stone,280000
2154,6,1,8,285.0,0,21.0,TA,TA,TA,TA,Unf,BrkFace,113000
4656,8,2,11,0.0,1,102.0,Gd,Ex,Gd,Gd,RFn,None,340000
2396,5,2,6,0.0,1,56.0,TA,Gd,TA,TA,Unf,None,115000
3189,6,2,9,0.0,1,60.0,TA,Fa,Gd,TA,Unf,None,129500
3657,6,2,11,0.0,1,80.0,TA,TA,Gd,TA,Unf,None,239000
4355,9,2,8,362.0,1,68.0,Ex,Ex,Ex,Ex,RFn,BrkFace,318061
3314,6,2,8,360.0,1,80.0,TA,TA,Gd,TA,RFn,BrkFace,167900
4685,9,3,12,370.0,0,111.0,TA,Ex,Ex,Gd,RFn,Stone,342643
3265,6,2,9,0.0,0,64.0,Gd,Ex,Gd,Gd,RFn,None,207500
2724,6,2,9,0.0,0,78.0,TA,Ex,TA,TA,Unf,None,154000
2656,5,2,7,0.0,1,68.22,TA,Ex,TA,TA,Fin,None,149900
2809,5,2,5,104.0,1,57.27,TA,Ex,Gd,Gd,Fin,BrkFace,165500
2280,7,2,6,0.0,0,30.0,TA,Ex,Gd,Gd,RFn,None,151000
2832,4,2,6,0.0,0,40.0,TA,Ex,TA,TA,Unf,None,109900
2940,7,2,9,137.0,1,75.0,Gd,Ex,Gd,Gd,Unf,BrkFace,213000
3186,7,2,9,144.0,1,65.0,Gd,Ex,Gd,Gd,RFn,BrkFace,192500
3140,6,2,7,0.0,1,70.0,TA,Ex,Gd,TA,Unf,None,210000
1429,5,2,6,0.0,0,74.0,Gd,Gd,TA,Gd,Unf,None,116000
9118,10,2,14,796.0,3,250.0,Ex,Ex,Ex,Ex,Fin,Stone,160000
1875,4,2,6,108.0,0,52.0,TA,Gd,Fa,TA,Unf,BrkFace,79900
2192,6,2,5,0.0,0,59.0,TA,Gd,TA,Gd,Unf,None,105500
2828,6,1,10,0.0,0,63.0,TA,Ex,Gd,TA,Unf,None,177000
3662,6,2,9,258.0,1,65.0,TA,Ex,Gd,Gd,RFn,BrkFace,193500
3788,7,2,10,0.0,1,75.0,TA,Ex,Gd,Gd,RFn,None,274300
2615,6,2,7,0.0,1,68.22,TA,TA,TA,TA,Unf,None,162000
3406,7,2,8,0.0,0,79.0,Gd,Ex,Gd,Gd,RFn,None,230000
4546,9,3,9,350.0,1,88.0,Gd,Ex,Ex,Ex,Fin,Stone,394432
2800,6,1,9,0.0,1,51.0,TA,Ex,TA,Gd,Unf,None,137450
1912,5,1,5,0.0,0,60.0,TA,Ex,TA,TA,Unf,None,124900
3820,8,2,10,420.0,1,85.0,Gd,Ex,Ex,Gd,RFn,Stone,290000
2196,5,1,7,0.0,0,68.22,TA,TA,TA,TA,Unf,None,108000
2527,4,2,6,0.0,0,52.0,TA,TA,TA,TA,Unf,None,103000
3735,8,2,8,108.0,1,34.0,Gd,Ex,Gd,Gd,RFn,Stone,209500
4016,5,2,10,0.0,0,63.0,TA,TA,TA,TA,Unf,None,188000
4164,8,3,9,72.0,0,64.0,Gd,Ex,Gd,Gd,RFn,Stone,245350
2666,7,2,10,0.0,1,60.0,Gd,Ex,Gd,Gd,Fin,None,184000
4173,7,3,11,178.0,0,85.52,Gd,Gd,Gd,Gd,Unf,BrkFace,229000
5514,9,3,13,760.0,2,100.0,Ex,Ex,Ex,Ex,Fin,Stone,611657
4962,7,2,10,1115.0,2,95.0,TA,Ex,Gd,TA,Fin,BrkFace,244000
3432,7,2,9,432.0,1,71.28,Ex,Ex,Ex,Gd,Fin,Stone,222000
2963,6,1,7,425.0,2,80.0,TA,TA,TA,TA,RFn,BrkFace,160000
1592,5,1,8,98.0,1,60.0,TA,Ex,TA,TA,RFn,BrkFace,120000
3787,5,1,8,0.0,3,71.28,Gd,Ex,TA,TA,Fin,None,190000
4252,7,2,13,300.0,1,96.0,Gd,Ex,Gd,Gd,Fin,BrkFace,242000
2688,6,2,7,260.0,0,75.0,TA,Ex,Gd,TA,RFn,Stone,145000
2380,6,1,7,153.0,0,68.22,TA,Ex,Gd,TA,Fin,BrkFace,161750
2262,5,1,7,0.0,0,68.22,TA,Gd,TA,Gd,Unf,None,132500
4860,8,3,9,304.0,1,110.0,Gd,Ex,Ex,Gd,RFn,BrkFace,440000
2273,5,1,6,0.0,2,50.0,TA,Ex,TA,TA,RFn,None,118000
1760,6,1,5,0.0,0,50.0,TA,TA,Gd,TA,Unf,None,125000
2921,6,2,8,0.0,0,105.0,Gd,Ex,Gd,Gd,RFn,None,177500
3855,7,3,11,0.0,1,59.0,Gd,Ex,Gd,Gd,Unf,None,228000
1896,6,1,6,0.0,0,70.0,TA,Ex,TA,Gd,Unf,None,110000
2442,5,1,5,0.0,1,71.0,TA,Ex,TA,TA,Fin,None,120500
3605,6,2,8,0.0,1,73.0,TA,Fa,TA,TA,Unf,None,127500
3363,6,2,11,157.0,0,85.52,TA,Gd,TA,Gd,Fin,BrkFace,187500
2864,7,2,8,106.0,0,36.0,Gd,Ex,Gd,Gd,RFn,Stone,173000
2934,7,2,7,16.0,0,43.0,Gd,Ex,Gd,Gd,Fin,BrkFace,167240
3460,5,2,7,132.0,2,134.0,TA,TA,TA,Fa,Fin,BrkFace,149900
2502,6,2,7,80.0,0,80.0,TA,Gd,TA,TA,Unf,BrkFace,155000
2808,5,2,9,0.0,0,71.28,TA,Ex,TA,Gd,Unf,None,112000
2352,5,2,6,0.0,0,70.0,TA,TA,TA,TA,Unf,None,129900
3145,7,2,9,0.0,0,89.0,Gd,Ex,Gd,Gd,RFn,None,196500
1800,5,1,6,0.0,0,52.0,Gd,Ex,TA,Gd,Unf,None,109500
3570,6,2,7,219.0,1,85.0,Gd,Ex,Gd,Gd,RFn,BrkFace,175000
3913,7,2,9,0.0,1,78.0,Gd,Ex,Ex,Gd,Fin,None,213250
2507,6,1,9,0.0,1,60.0,TA,TA,TA,TA,Unf,None,139500
3824,8,2,12,650.0,1,93.0,Gd,Gd,Gd,Gd,Fin,BrkFace,258000
4371,7,2,9,0.0,2,100.0,Gd,TA,Gd,Ex,Fin,None,335000
2280,7,2,6,0.0,0,30.0,Gd,Ex,Gd,Gd,RFn,None,144152
2904,5,0,8,0.0,0,55.0,TA,TA,TA,TA,Unf,None,130000
2442,6,1,8,0.0,1,52.0,TA,TA,TA,TA,Unf,None,113000
2760,6,1,7,174.0,1,68.22,TA,TA,TA,TA,RFn,BrkFace,148000
2722,5,2,6,0.0,0,80.0,TA,TA,TA,TA,Unf,None,139000
2154,6,1,8,281.0,0,21.0,TA,Gd,TA,TA,Unf,BrkFace,118000
3240,7,2,10,0.0,1,59.0,Gd,Ex,Gd,Gd,Fin,None,215000
3179,6,2,10,318.0,1,93.0,TA,Ex,Gd,TA,Fin,BrkFace,186500
2460,5,2,6,0.0,0,60.0,TA,Ex,Gd,TA,Unf,None,138000
2824,6,1,7,0.0,2,90.0,TA,Ex,TA,TA,Unf,None,150000
4742,7,2,10,0.0,2,93.0,Gd,Ex,TA,Ex,Fin,None,244000
2892,6,2,9,174.0,1,78.0,TA,TA,Gd,TA,RFn,BrkFace,165000
2822,3,3,7,0.0,0,60.0,TA,TA,TA,TA,Unf,None,105000
3588,7,3,9,130.0,1,53.0,Gd,Ex,Gd,Gd,Fin,BrkFace,174000
1135,4,1,6,0.0,0,62.45,TA,Ex,TA,TA,Unf,None,84000
2498,6,2,8,328.0,1,68.22,TA,TA,TA,TA,Fin,BrkCmn,158900
2594,5,1,7,0.0,0,55.0,TA,Ex,TA,TA,Unf,None,159434
2270,6,2,6,0.0,1,62.45,TA,Ex,Gd,TA,RFn,None,156000
2852,5,1,7,0.0,1,68.22,TA,TA,TA,TA,Unf,None,144000
2197,5,1,7,0.0,0,50.0,TA,TA,TA,TA,Unf,None,127000
3421,5,2,10,67.0,1,88.0,TA,Ex,TA,TA,RFn,BrkCmn,155000
2850,6,2,7,425.0,0,62.45,TA,Ex,Ex,TA,Fin,BrkFace,165000
3398,6,2,7,0.0,2,70.0,TA,Gd,TA,TA,RFn,None,156500
3115,7,3,8,0.0,1,60.0,TA,Gd,TA,Gd,Unf,None,140000
2012,5,0,6,0.0,0,62.45,TA,TA,TA,TA,Unf,None,80000
4423,7,2,10,0.0,0,77.92,TA,Ex,Gd,TA,Fin,None,250000
2088,5,2,5,0.0,0,66.0,Fa,TA,TA,Fa,Unf,None,55993
2502,7,1,8,0.0,1,75.0,TA,Ex,TA,Fa,Unf,None,174500
2811,7,1,10,0.0,1,54.0,TA,Gd,Fa,TA,Unf,None,200100
999,3,0,6,0.0,0,56.0,Gd,Gd,TA,TA,Unf,None,52000
4228,6,2,9,312.0,1,71.28,Gd,Gd,TA,Gd,RFn,BrkFace,223000
2325,6,1,8,0.0,0,50.0,TA,Gd,Fa,TA,Unf,None,112000
2846,5,1,7,0.0,1,70.0,TA,TA,TA,TA,Unf,None,155000
2398,5,1,7,45.0,0,70.0,TA,Ex,TA,TA,RFn,BrkFace,135000
2861,6,1,7,0.0,1,65.0,TA,Gd,TA,Fa,Unf,None,140200
2397,5,1,8,0.0,0,60.0,TA,Gd,TA,TA,Unf,None,104900
2834,6,2,7,116.0,0,32.0,TA,Ex,Ex,TA,Unf,BrkFace,164000
2116,6,2,4,170.0,0,37.0,Gd,Ex,Gd,Gd,Fin,BrkFace,136500
2538,6,2,6,0.0,0,62.45,TA,TA,TA,TA,Unf,None,143250
3624,5,2,10,192.0,2,70.0,TA,TA,Gd,Fa,Unf,BrkFace,135000
3335,7,2,7,0.0,1,44.0,Gd,Gd,Gd,Gd,RFn,None,239000
1920,4,1,4,0.0,1,67.0,TA,Ex,TA,TA,Unf,None,100000
4235,9,3,14,286.0,2,85.0,Ex,Ex,Ex,Ex,Fin,Stone,345000
2132,4,1,6,0.0,1,80.0,TA,Ex,Fa,Fa,Unf,None,137500
3198,8,2,8,176.0,1,48.0,Gd,Ex,Gd,Gd,Fin,BrkFace,254000
2713,5,1,8,180.0,0,78.0,TA,TA,TA,TA,Unf,BrkFace,144000
1386,4,0,5,0.0,0,153.0,TA,Fa,TA,Fa,Unf,None,52500
1718,6,1,5,0.0,0,52.0,TA,TA,Gd,TA,Unf,None,91000
2948,6,2,8,0.0,2,75.0,TA,TA,TA,TA,Unf,None,171500
2016,6,1,5,207.0,0,60.0,TA,Ex,TA,Gd,Unf,BrkFace,120000
2380,7,2,8,0.0,0,68.22,Gd,Ex,Gd,Gd,Fin,None,162000
2814,7,2,8,96.0,1,80.0,TA,TA,TA,TA,RFn,BrkFace,197000
1932,5,1,6,0.0,0,60.0,TA,Gd,Gd,TA,Fin,None,133900
3472,7,4,10,200.0,0,78.0,TA,Ex,Gd,TA,Fin,BrkFace,206300
3486,7,2,8,196.0,1,73.0,Gd,Ex,Gd,Gd,Fin,BrkFace,203000
2434,5,1,7,0.0,0,85.0,TA,TA,TA,TA,RFn,None,140000
2356,6,2,7,0.0,0,62.45,TA,TA,Gd,TA,RFn,None,143750
2454,5,1,9,0.0,0,50.0,TA,TA,TA,Gd,Unf,None,93000
2217,6,1,6,0.0,0,62.45,TA,TA,TA,TA,RFn,None,151500
1896,5,1,6,0.0,0,76.0,TA,TA,TA,TA,Unf,None,124500
2617,6,2,8,0.0,0,81.0,TA,TA,Gd,TA,Unf,None,152000
2264,5,1,6,161.0,1,62.45,TA,TA,TA,Gd,Unf,BrkCmn,110000
4208,7,3,8,295.0,0,68.22,Gd,Ex,Gd,Gd,Unf,Stone,230000
4513,8,3,10,975.0,1,98.0,Gd,Ex,Gd,Gd,Fin,BrkFace,336000
2292,5,1,8,0.0,2,130.0,Gd,Ex,TA,TA,Unf,None,160000
3602,8,2,9,530.0,1,78.0,Gd,Ex,Gd,Gd,RFn,BrkFace,280000
3145,6,2,8,85.0,2,71.28,TA,Ex,TA,Gd,Unf,BrkFace,181900
2715,4,2,6,0.0,0,60.0,TA,Ex,Gd,Gd,Fin,None,176000
2188,4,2,6,0.0,0,68.0,TA,Ex,TA,TA,Unf,None,110000
6974,8,2,13,0.0,1,85.66,Gd,Ex,Gd,Gd,RFn,None,430000
1770,5,1,6,0.0,0,51.0,TA,TA,TA,TA,Unf,None,105000
4011,6,2,11,0.0,1,60.0,TA,Ex,TA,TA,Unf,None,133900
2570,4,2,6,0.0,0,60.0,TA,TA,Gd,Gd,Unf,None,128000
3329,8,2,10,0.0,1,80.0,Gd,Ex,Gd,Gd,Fin,None,220000
2364,6,2,6,76.0,0,30.0,Gd,Ex,Gd,Gd,RFn,Stone,173733
3254,7,2,8,166.0,1,34.0,Gd,Ex,Gd,Gd,RFn,Stone,207500
2902,5,1,6,0.0,0,68.0,TA,TA,TA,TA,Unf,None,60000
4128,7,2,9,0.0,0,78.0,Gd,Ex,Gd,Gd,Fin,None,260000
2496,4,1,6,0.0,0,62.45,TA,TA,TA,TA,Unf,None,107000
3396,7,2,9,0.0,1,72.0,TA,Ex,Gd,Gd,RFn,None,252678
2924,7,2,8,0.0,0,65.0,Gd,Ex,Gd,Gd,RFn,None,186500
3884,6,2,8,359.0,1,71.28,TA,Fa,Gd,TA,RFn,BrkFace,197900
1980,4,0,6,0.0,0,60.0,TA,Ex,Gd,TA,Unf,None,123600
3648,4,3,10,0.0,0,60.0,TA,Fa,TA,TA,Unf,None,87000
3970,7,2,9,108.0,1,43.0,Gd,Ex,Ex,Gd,Fin,Stone,240000
3011,5,2,10,0.0,1,52.0,TA,TA,TA,TA,Unf,None,162900
2980,6,2,8,0.0,0,68.22,TA,TA,Gd,TA,Unf,None,162500
1460,4,2,8,0.0,0,60.0,TA,Fa,TA,TA,Unf,None,90000
2814,6,2,8,0.0,0,68.0,TA,Ex,Gd,Gd,RFn,None,173900
4966,9,3,12,664.0,2,110.0,Gd,Ex,Ex,Ex,Fin,BrkFace,412500
3418,6,2,5,0.0,1,57.27,TA,Gd,Gd,TA,RFn,None,235000
2436,5,1,7,0.0,1,65.0,TA,TA,TA,TA,Unf,None,135000
4001,8,3,9,410.0,1,85.0,Gd,Ex,Gd,Gd,RFn,Stone,227000
3732,6,2,10,268.0,1,97.0,Gd,TA,Gd,TA,Unf,BrkFace,211000
3926,5,2,10,122.0,0,70.0,TA,Ex,TA,TA,Fin,BrkFace,145000
2545,7,2,8,0.0,0,68.22,Gd,Ex,Gd,Gd,Unf,None,165000
2751,6,2,9,0.0,1,24.0,TA,Fa,Gd,TA,Unf,None,146000
3264,6,2,8,112.0,2,141.0,TA,Fa,TA,TA,Fin,Stone,215000
4182,7,3,11,350.0,1,109.0,Gd,Ex,Ex,Gd,RFn,BrkFace,280000
2916,6,2,8,252.0,0,71.28,TA,Gd,TA,Gd,Unf,BrkFace,173000
3948,8,3,10,100.0,1,85.0,Gd,Ex,Ex,Ex,Fin,Stone,339750
2928,6,2,7,0.0,0,55.0,Gd,Ex,Gd,Gd,RFn,None,153900
2626,5,1,9,0.0,0,50.0,TA,TA,Fa,Ex,Unf,None,124000
1064,2,0,5,0.0,1,51.0,Fa,Fa,TA,Fa,Unf,None,60000
1190,5,1,5,0.0,0,70.0,TA,Gd,TA,TA,Unf,None,97000
3520,7,2,9,30.0,0,58.0,Gd,Gd,Gd,TA,Fin,BrkFace,221000
3990,8,3,9,186.0,0,92.0,Gd,Ex,Gd,Gd,RFn,Stone,235128
3426,7,2,9,123.0,1,46.0,TA,Gd,Gd,TA,Fin,BrkFace,215000
2759,5,1,7,0.0,1,60.0,TA,TA,TA,TA,Unf,None,140000
2390,5,1,7,0.0,1,68.22,TA,Ex,TA,Gd,Unf,None,154000
2981,6,1,7,0.0,0,40.0,TA,Gd,TA,Gd,Unf,None,152000
3702,5,2,8,0.0,2,68.22,TA,TA,Gd,TA,Fin,None,171000
2578,6,2,6,0.0,0,53.0,TA,TA,Gd,TA,RFn,None,140000
1546,4,1,4,0.0,0,21.0,TA,TA,Gd,TA,Unf,None,80000
4282,8,3,9,262.0,1,76.0,Gd,Ex,Ex,Ex,Fin,BrkFace,274900
1472,3,2,5,0.0,0,74.0,TA,Fa,TA,Fa,Unf,None,82000
3501,7,2,9,1600.0,1,66.0,Gd,Ex,Gd,Gd,RFn,BrkFace,239000
1716,5,0,5,0.0,0,50.0,TA,Gd,TA,TA,Unf,None,116500
1972,4,1,4,0.0,0,35.62,TA,Ex,TA,TA,Unf,None,145000
2751,6,2,9,0.0,1,24.0,TA,TA,Gd,TA,Unf,None,148500
3037,6,2,8,351.0,1,70.0,TA,TA,TA,TA,Unf,BrkFace,155000
3977,6,2,9,472.0,2,71.28,Gd,Gd,Gd,Gd,Fin,BrkCmn,277000
3192,7,3,8,0.0,0,94.0,TA,Ex,Gd,Gd,RFn,None,198900
3495,6,3,11,74.0,1,86.0,Gd,Ex,Gd,Gd,Fin,Stone,214000
4053,8,3,11,236.0,1,85.0,Gd,Ex,Gd,Gd,Fin,BrkFace,270000
2448,6,1,6,135.0,0,75.0,TA,Gd,TA,TA,Unf,BrkFace,136000
2686,5,1,7,0.0,1,68.22,TA,TA,TA,TA,RFn,None,139900
2303,7,2,6,0.0,0,24.0,Gd,Ex,Gd,Gd,RFn,None,147400
5474,8,3,10,306.0,1,98.0,Ex,Ex,Ex,Ex,RFn,BrkFace,253293
2416,5,2,6,0.0,0,60.0,Gd,TA,TA,TA,Unf,None,100000
3120,6,2,9,105.0,0,70.0,Gd,Ex,Gd,Gd,RFn,BrkFace,201000
4138,8,3,9,0.0,0,84.0,Gd,Ex,Gd,Gd,RFn,None,249700
4808,7,2,10,172.0,1,86.0,Gd,Ex,TA,Gd,Fin,BrkFace,301000
3693,7,2,9,0.0,0,129.0,Gd,Ex,Ex,Gd,Fin,None,201000
3058,6,1,8,175.0,0,80.0,TA,TA,TA,TA,RFn,BrkFace,145250
2448,5,2,5,0.0,0,60.0,TA,Ex,TA,TA,Fin,None,138000
3278,7,2,9,233.0,1,71.28,TA,TA,Gd,TA,RFn,BrkFace,197900
3273,7,2,8,0.0,0,72.0,Gd,Ex,Ex,Gd,Fin,None,250580
2290,4,1,7,0.0,0,70.0,TA,Gd,Fa,TA,Unf,None,112000
3391,6,2,9,333.0,1,71.28,TA,TA,TA,TA,RFn,BrkFace,158000
3518,7,2,8,99.0,1,88.0,Gd,Ex,Gd,Gd,RFn,BrkFace,221000
2098,6,1,7,0.0,0,60.0,TA,TA,TA,TA,Unf,None,105000
3228,6,2,7,491.0,1,80.0,TA,TA,TA,TA,Unf,BrkCmn,163000
3429,6,2,10,298.0,1,77.92,TA,TA,TA,Gd,Fin,BrkFace,195000
3187,7,2,6,0.0,2,73.0,TA,Ex,Gd,TA,Unf,None,241500
3034,8,2,8,0.0,0,75.0,Gd,Ex,Gd,Gd,RFn,None,210000
2126,6,1,6,0.0,1,60.0,TA,TA,TA,TA,Unf,None,102000
1396,5,0,5,0.0,0,50.0,TA,Ex,TA,TA,Unf,None,118000
2824,3,1,10,0.0,0,60.0,Gd,Gd,Fa,TA,Unf,None,107400
4100,8,2,9,149.0,1,71.28,Gd,Ex,Gd,Gd,RFn,BrkFace,228500
2960,7,2,8,0.0,0,65.0,Gd,Ex,Gd,Gd,RFn,None,197000
2418,5,1,6,54.0,0,72.0,Gd,Ex,TA,Gd,RFn,BrkFace,145500
3325,6,2,9,0.0,1,71.0,TA,Ex,Ex,Gd,Fin,None,215000
1734,6,1,6,604.0,0,21.0,TA,TA,TA,TA,Unf,BrkFace,89500
4179,8,3,11,350.0,1,84.0,Gd,Ex,Gd,Gd,RFn,BrkFace,250000
3347,5,2,13,0.0,0,90.0,TA,TA,TA,TA,Unf,None,106000
2907,5,2,7,180.0,0,68.22,TA,Fa,TA,TA,RFn,BrkFace,142000
2096,5,1,6,0.0,0,60.0,TA,Gd,TA,TA,Unf,None,109500
3188,7,2,8,0.0,0,83.0,TA,Gd,Ex,Gd,RFn,None,224500
2875,5,2,10,0.0,1,60.0,TA,Gd,TA,Gd,Unf,None,157500
4835,6,0,16,0.0,0,60.0,Fa,Ex,TA,Fa,RFn,None,200000
3174,6,1,9,0.0,0,75.0,TA,Gd,TA,TA,Unf,None,136900
3316,7,2,10,0.0,1,70.0,Gd,Ex,Gd,Gd,Unf,None,210000
2388,4,2,6,0.0,0,60.0,TA,TA,TA,Gd,Unf,None,120500
1592,5,0,5,0.0,0,67.0,TA,Gd,Fa,TA,Unf,None,85000
2884,6,2,8,0.0,0,83.0,TA,Ex,Gd,Gd,RFn,None,186000
5489,7,3,14,0.0,2,90.0,TA,Gd,Gd,Gd,Unf,None,320000
2498,6,2,5,0.0,0,50.0,Gd,TA,TA,TA,Unf,None,134900
3673,7,2,9,128.0,1,71.28,Gd,Ex,Gd,TA,Fin,BrkFace,277000
2684,5,1,8,224.0,2,79.0,TA,Ex,TA,Gd,Unf,Stone,146500
2083,4,1,5,0.0,0,50.0,TA,Ex,TA,TA,Unf,None,107900
1945,5,2,10,0.0,0,64.0,TA,TA,TA,TA,Unf,None,118964
3399,7,2,8,256.0,0,91.0,Gd,Ex,Gd,Ex,RFn,Stone,227680
3118,6,2,7,259.0,0,82.0,TA,TA,TA,TA,RFn,BrkFace,168500
4232,7,2,11,0.0,1,85.52,TA,TA,TA,TA,RFn,None,262500
2176,4,1,6,0.0,1,60.0,TA,Ex,TA,TA,Unf,None,119000
2584,7,2,10,0.0,1,65.0,Gd,Ex,Gd,Gd,Fin,None,179540
1734,6,1,6,510.0,0,21.0,TA,Gd,TA,Gd,Unf,BrkFace,118000
2977,7,2,11,143.0,1,102.0,TA,Gd,TA,Gd,RFn,BrkFace,170000
2892,7,2,8,38.0,1,63.0,TA,Gd,Gd,TA,Fin,BrkFace,176000
4771,9,3,12,165.0,1,108.0,Gd,Ex,Gd,Gd,Fin,BrkFace,333168
2544,5,2,5,180.0,0,60.0,TA,TA,Gd,TA,Unf,BrkFace,140000
3380,6,2,8,0.0,1,130.0,TA,TA,Gd,Gd,Unf,None,175000
3682,7,2,12,278.0,1,94.0,Gd,TA,Gd,Ex,RFn,BrkFace,260000
4164,9,3,10,340.0,1,86.0,Ex,Ex,Ex,Ex,Fin,Stone,320000
3040,7,2,9,98.6,0,65.0,Gd,Ex,Gd,Gd,RFn,None,205950
1968,6,1,5,0.0,0,50.0,Gd,Gd,TA,TA,Unf,None,119000
3319,8,2,10,110.0,0,75.0,Gd,Ex,Gd,TA,Fin,Stone,263435
2016,5,1,6,0.0,0,120.0,TA,Ex,TA,TA,RFn,None,128500
5055,7,3,9,234.0,1,90.0,Gd,Gd,Gd,Gd,RFn,BrkFace,271900
3240,7,2,9,176.0,3,85.0,TA,TA,TA,TA,Unf,BrkFace,205000
2711,5,1,10,0.0,0,96.0,TA,Gd,Gd,TA,Unf,None,138887
2700,6,1,7,0.0,1,78.0,TA,TA,TA,TA,Unf,None,97500
2574,5,2,7,0.0,0,100.0,TA,Ex,TA,Gd,Unf,None,147000
2064,6,1,6,0.0,0,62.45,Gd,Ex,TA,TA,Unf,None,120500
2206,6,2,7,0.0,0,40.0,TA,TA,Fa,TA,Unf,None,116000
3679,4,2,9,0.0,2,65.0,TA,TA,TA,Gd,Unf,None,135000
3690,7,2,8,110.0,0,67.0,Gd,Ex,Gd,Gd,RFn,BrkFace,227000
2724,6,2,8,0.0,1,24.0,TA,TA,Gd,TA,Fin,None,151000
3827,8,2,10,171.0,1,48.0,Gd,Ex,Gd,Gd,Fin,BrkFace,232000
2922,5,1,6,0.0,0,70.0,TA,TA,TA,TA,RFn,None,145000
3248,5,2,12,567.0,0,95.0,TA,Gd,TA,TA,Unf,Stone,137000
3874,5,3,10,0.0,0,82.0,TA,TA,TA,TA,Unf,None,145000
2460,5,1,7,0.0,0,60.0,TA,Ex,TA,Gd,Unf,None,125500
4006,8,3,10,178.0,1,80.0,Gd,Gd,Gd,Ex,RFn,BrkFace,275500
2596,7,2,8,0.0,0,24.0,Gd,Ex,Gd,Gd,Unf,None,155000
3350,7,2,9,206.0,1,82.0,TA,TA,Gd,TA,RFn,BrkFace,157000
5555,10,3,14,0.0,2,90.0,Gd,Ex,TA,Ex,Unf,None,475000
4858,6,3,12,0.0,1,86.0,TA,TA,Gd,TA,Unf,None,239000
2228,5,2,6,0.0,0,62.45,TA,Gd,Gd,Gd,RFn,None,144000
1238,4,1,7,0.0,0,60.0,TA,Ex,TA,Gd,Unf,None,84900
2866,5,2,7,0.0,0,112.0,TA,Ex,Gd,TA,Unf,None,145000
3784,7,1,12,0.0,2,85.66,TA,Ex,TA,TA,Unf,None,244400
5382,10,3,9,816.0,1,114.0,Ex,Ex,Ex,Ex,Fin,BrkFace,385000
1857,7,1,5,182.0,0,34.0,TA,Ex,Gd,TA,Fin,BrkFace,133000
2310,5,0,9,0.0,0,85.0,TA,TA,TA,Fa,Unf,None,115000
2485,5,1,6,0.0,1,55.0,TA,Ex,TA,TA,Unf,None,134000
2581,7,2,8,0.0,1,57.0,TA,Ex,Gd,TA,Unf,None,175000
2210,4,4,6,0.0,0,70.0,TA,TA,TA,TA,Unf,None,123000
3667,6,2,10,0.0,1,77.92,Gd,Ex,Gd,Gd,RFn,None,200000
3490,7,2,9,167.0,0,72.0,Gd,Ex,Gd,Gd,RFn,BrkFace,226000
3638,7,1,10,0.0,2,53.0,Gd,Ex,Gd,Gd,Unf,None,234000
2546,5,1,8,0.0,1,50.0,TA,Fa,Fa,TA,Unf,None,91500
1734,6,1,5,232.0,0,21.0,TA,TA,TA,TA,Unf,BrkFace,85400
2766,6,2,7,0.0,0,63.0,Gd,Ex,Gd,TA,Unf,None,142500
3027,7,2,8,24.0,0,64.0,Gd,Ex,Gd,Gd,RFn,Stone,206000
3195,7,2,10,252.0,0,65.0,Gd,Ex,Gd,Gd,RFn,BrkFace,224900
2408,6,2,8,0.0,0,67.0,TA,Gd,TA,Gd,Unf,None,110000
5709,8,3,9,296.0,1,85.0,Gd,Ex,Gd,Gd,RFn,BrkFace,284000
2984,6,2,8,0.0,1,80.0,TA,Ex,Gd,TA,RFn,None,181500
3258,8,2,8,0.0,0,41.0,Gd,Ex,Gd,Gd,Fin,None,213500
2025,7,1,7,0.0,1,57.0,TA,Ex,TA,Gd,Unf,None,139400
3189,8,2,9,456.0,0,24.0,Gd,Ex,Gd,Gd,Fin,BrkFace,172500
5576,9,3,15,424.0,1,107.0,Ex,Ex,Ex,Ex,RFn,Stone,582933
2556,6,2,7,140.0,0,75.0,TA,TA,TA,TA,Fin,BrkFace,159500
3196,5,2,7,0.0,1,77.0,TA,Gd,Gd,TA,RFn,None,170000
1971,7,1,6,0.0,1,62.45,TA,TA,TA,TA,Unf,None,116900
2623,8,2,6,0.0,0,62.45,Gd,Ex,Gd,Gd,RFn,None,170000
5061,8,3,9,660.0,1,91.0,Gd,Ex,Gd,Gd,Fin,BrkFace,350000
4740,7,2,15,184.0,2,80.0,TA,TA,Gd,Gd,RFn,BrkFace,250000
3648,7,2,9,268.0,0,79.0,Gd,Ex,Gd,Gd,RFn,Stone,233170
2100,6,1,7,0.0,1,55.0,TA,TA,Gd,TA,Unf,None,99500
3542,8,3,9,0.0,0,73.0,Gd,Ex,Gd,Gd,Fin,None,201000
3465,4,1,11,0.0,0,60.0,Gd,TA,TA,TA,Unf,None,118500
3490,7,2,9,16.0,1,124.0,Gd,Ex,Ex,Gd,Fin,Stone,260000
2934,6,3,7,335.0,0,68.22,TA,TA,TA,TA,Unf,BrkFace,169900
4056,8,3,9,640.0,1,110.0,Gd,Ex,Gd,Gd,RFn,Stone,256300
2662,5,2,7,104.0,0,85.0,TA,Gd,TA,TA,Unf,BrkFace,144900
3616,7,2,10,0.0,1,100.0,Gd,Ex,Gd,Gd,RFn,None,254900
2112,5,1,6,0.0,0,66.0,TA,TA,TA,TA,Unf,None,115000
2354,6,1,9,0.0,1,50.0,TA,TA,TA,TA,Unf,None,119500
3166,8,2,8,72.0,0,72.0,Gd,Ex,Gd,Gd,RFn,Stone,229456
4260,8,3,12,132.0,1,108.0,Gd,Ex,Ex,Gd,Fin,Stone,309000
2688,5,1,7,189.0,0,68.22,TA,TA,TA,TA,Unf,BrkFace,157900
2051,5,1,6,89.0,0,65.0,TA,Ex,TA,Gd,Fin,BrkFace,130000
4114,8,3,9,148.0,2,71.28,Gd,Ex,Gd,Gd,RFn,BrkFace,271000
3516,7,2,9,288.0,1,80.0,TA,Gd,TA,TA,Unf,BrkFace,174000
3059,6,2,9,50.0,0,24.0,Gd,Ex,Gd,Gd,Unf,Stone,130000
3383,7,2,9,223.0,1,44.0,Gd,Ex,Gd,Gd,RFn,BrkFace,237000
2360,5,1,6,0.0,0,68.0,TA,TA,TA,Gd,Unf,None,109000
2483,6,2,5,90.0,0,78.0,TA,TA,Gd,TA,Unf,BrkFace,135000
2672,5,2,7,0.0,1,44.0,TA,TA,Gd,TA,Unf,None,129900
1274,6,0,6,0.0,0,60.0,TA,Gd,TA,TA,Unf,None,84500
3051,6,2,9,0.0,1,64.0,TA,Gd,TA,Gd,Unf,None,207000
4072,8,3,10,0.0,1,75.0,Gd,Ex,Gd,Gd,RFn,None,270000
4218,8,3,11,245.0,1,88.0,Gd,Ex,Gd,Gd,Fin,BrkFace,281213
2340,5,2,6,0.0,0,70.0,TA,TA,TA,TA,Unf,None,149900
4020,8,2,12,0.0,2,70.0,Gd,TA,Gd,Gd,Unf,None,315000
3886,7,3,9,196.0,0,84.0,Gd,Ex,Gd,Gd,RFn,BrkFace,212900
2892,6,2,6,0.0,0,63.0,TA,Ex,Gd,Gd,Unf,None,158000
3059,6,2,9,415.0,1,71.0,TA,TA,TA,TA,RFn,BrkFace,140000
2375,6,1,6,0.0,0,59.0,TA,Gd,TA,Gd,Unf,None,117000
2900,6,2,9,420.0,1,90.0,TA,Gd,TA,TA,RFn,BrkFace,179900
3642,7,2,7,0.0,2,62.0,TA,TA,Gd,Gd,Unf,None,280000
5590,8,2,11,0.0,1,80.0,Gd,TA,Gd,Gd,Fin,None,278000
2144,6,2,7,82.0,0,35.0,TA,Gd,Gd,TA,Fin,BrkFace,140000
3573,7,2,10,246.0,1,80.0,Gd,Ex,Gd,Gd,Fin,BrkFace,236000
1769,4,1,11,0.0,0,50.0,TA,TA,TA,TA,Unf,None,98000
3494,8,3,10,0.0,1,72.0,Gd,Ex,Gd,Gd,Fin,None,239900
4112,8,3,10,270.0,1,61.0,Gd,Ex,Ex,Ex,RFn,Stone,295493
3072,7,2,8,0.0,1,103.0,Gd,Ex,Gd,Gd,Fin,None,200141
2354,4,2,7,0.0,0,60.0,TA,TA,TA,TA,RFn,None,68400
2170,6,1,5,0.0,1,57.0,TA,Ex,TA,Gd,Unf,None,124000
3254,7,2,8,166.0,1,34.0,Gd,Ex,Gd,Gd,RFn,Stone,230000
3622,5,2,9,0.0,1,78.0,TA,Gd,TA,TA,RFn,None,180000
2709,8,2,8,0.0,2,71.28,TA,Fa,Gd,Gd,Unf,None,230000
2448,5,1,6,0.0,1,50.0,TA,Ex,TA,TA,Unf,None,117000
2483,5,1,7,0.0,1,69.0,TA,TA,TA,TA,Fin,None,141000
1440,3,2,8,0.0,0,60.0,TA,Fa,TA,TA,Unf,None,92900
1948,5,0,6,0.0,0,63.0,TA,TA,Gd,TA,Unf,None,93500
3136,6,2,9,0.0,0,71.28,TA,Ex,Gd,TA,RFn,None,211000
334,1,0,3,0.0,0,50.0,Fa,Fa,TA,Fa,Unf,None,39300
2364,6,2,6,76.0,0,40.0,Gd,Ex,Gd,Gd,RFn,Stone,164500
1769,5,1,6,82.0,0,70.0,TA,TA,TA,TA,Unf,BrkFace,139000
3320,5,2,12,360.0,0,60.0,TA,Gd,TA,TA,Unf,BrkFace,124500
3217,6,2,8,115.0,1,71.28,TA,TA,TA,TA,RFn,BrkFace,158000
3689,7,3,10,246.0,1,116.0,Gd,Gd,Gd,Gd,RFn,BrkFace,225000
1890,6,0,8,236.0,0,21.0,TA,TA,TA,TA,Unf,BrkFace,91500
2876,5,1,6,56.0,2,90.0,TA,TA,TA,TA,Unf,BrkFace,157000
4850,5,4,14,368.0,0,91.0,TA,TA,TA,TA,Unf,BrkFace,200000
2627,6,2,7,1129.0,1,34.0,TA,Gd,Gd,TA,Unf,BrkFace,176000
3587,6,1,12,0.0,1,50.0,TA,Ex,TA,Gd,Unf,None,169000
3596,9,2,8,284.0,1,75.0,Gd,Ex,Gd,Ex,Fin,Stone,264132
2688,6,1,6,84.0,1,124.0,TA,Gd,TA,Ex,RFn,BrkFace,177000
3636,7,2,9,0.0,1,71.28,Gd,Ex,Gd,Gd,Fin,None,226000
3354,6,2,7,0.0,1,90.0,TA,Ex,TA,Ex,Fin,None,230000
4288,8,3,9,178.0,1,71.28,Gd,Ex,Gd,Gd,RFn,BrkFace,275000
2554,7,1,8,0.0,1,55.0,Gd,Gd,TA,Gd,Unf,None,189950
2473,6,2,8,148.0,1,71.0,TA,Ex,TA,TA,RFn,BrkFace,143500
2997,7,2,8,0.0,0,70.0,Gd,Ex,Gd,Gd,RFn,None,178000
2258,7,2,9,76.0,1,71.28,Gd,Gd,Gd,Gd,RFn,BrkFace,160000
2618,6,2,8,112.0,1,68.22,TA,Gd,Gd,Gd,Fin,BrkFace,165600
1935,5,2,10,0.0,0,64.0,TA,TA,TA,TA,Unf,None,118858
5752,10,3,10,922.0,1,103.0,Ex,Ex,Ex,Ex,Fin,BrkFace,386250
4211,8,3,12,340.0,1,93.0,Gd,Ex,Gd,Ex,Fin,BrkFace,285000
3735,8,3,9,0.0,1,53.0,Gd,Ex,Gd,Ex,Fin,None,264561
3504,6,2,7,180.0,0,100.0,TA,TA,TA,TA,RFn,BrkFace,167000
3183,7,2,9,312.0,2,77.92,Gd,Ex,TA,Gd,Unf,BrkFace,311500
3624,8,2,7,472.0,1,62.0,Ex,Ex,Ex,Ex,RFn,BrkFace,274000
2744,5,2,5,0.0,0,60.0,TA,TA,TA,TA,Unf,None,139000
3012,7,2,7,320.0,1,80.0,TA,Fa,TA,TA,Unf,BrkFace,175500
3754,6,2,7,0.0,1,50.0,Gd,Ex,Gd,Gd,RFn,None,193000
2628,5,1,9,0.0,0,77.92,TA,Gd,TA,TA,Unf,None,145000
3702,8,2,9,108.0,1,71.28,Gd,Ex,Gd,Ex,RFn,BrkFace,261500
4163,8,2,11,0.0,1,66.0,Gd,Ex,Gd,Gd,Fin,None,267000
2986,5,1,9,0.0,0,70.0,TA,Gd,TA,TA,Unf,None,127000
1967,6,1,7,0.0,0,70.0,TA,Gd,TA,TA,Unf,None,129000
3024,7,2,10,0.0,1,78.0,TA,TA,Gd,TA,RFn,None,162900
2561,4,1,8,0.0,1,60.0,TA,TA,TA,TA,Unf,None,108000
2354,8,2,9,0.0,1,71.28,Gd,Ex,Gd,Gd,Fin,None,184100
2372,5,1,7,0.0,0,80.0,TA,TA,TA,TA,Unf,None,139400
1786,5,1,5,0.0,0,57.0,TA,Gd,TA,TA,Unf,None,110000
4286,8,3,8,436.0,1,107.0,Gd,Ex,Ex,Gd,RFn,Stone,372402
3842,7,2,10,285.0,1,77.92,TA,Gd,Gd,Gd,Fin,BrkFace,222000
2656,6,1,6,0.0,1,80.0,TA,TA,TA,TA,RFn,None,140000
3852,8,2,8,479.0,1,68.22,Gd,Ex,Gd,Gd,RFn,BrkFace,272000
1152,4,0,8,0.0,0,65.0,TA,TA,TA,Fa,Unf,None,82000
2750,6,2,9,0.0,1,59.0,Gd,Gd,Gd,TA,RFn,None,178000
3733,6,2,10,126.0,1,77.92,Gd,Gd,Gd,Gd,Fin,Stone,215000
3129,8,2,9,40.0,1,71.28,Gd,Ex,Gd,Gd,Fin,BrkFace,215000
1929,5,1,7,0.0,0,60.0,TA,TA,TA,Fa,Unf,None,101000
4493,8,3,12,226.0,2,85.0,Gd,Ex,Gd,Gd,Fin,Stone,305000
2736,6,0,10,0.0,0,94.0,TA,TA,TA,TA,Unf,None,139000
4204,10,3,9,230.0,1,96.0,Ex,Ex,Ex,Ex,Fin,Stone,337500
2216,5,1,8,0.0,0,45.0,TA,Gd,TA,Fa,Unf,None,116000
2116,6,2,4,147.0,1,35.62,Gd,Ex,Gd,Gd,RFn,BrkFace,149300
5189,8,3,14,632.0,2,84.25,TA,Ex,TA,Gd,Unf,BrkFace,381000
2034,3,0,7,0.0,0,55.0,TA,Ex,TA,Fa,Unf,None,76500
2144,5,2,6,80.0,0,35.0,TA,Gd,Gd,TA,Fin,BrkFace,145000
2793,5,2,6,0.0,1,80.0,TA,Gd,Gd,Gd,Unf,None,157000
4227,4,4,8,149.0,1,71.28,TA,Ex,TA,TA,Fin,Stone,168000
1318,3,0,7,0.0,0,70.0,TA,Ex,TA,Gd,Unf,None,79000
3873,6,2,9,132.0,1,47.0,TA,TA,Gd,TA,Fin,Stone,184000
3356,7,2,10,266.0,0,65.0,Gd,Ex,Gd,Gd,Unf,BrkFace,210000
2478,6,1,8,0.0,2,71.28,TA,Fa,TA,Gd,Unf,None,177500
4611,7,3,10,594.0,1,95.0,Gd,Ex,Gd,Gd,Fin,BrkFace,315750
3859,5,2,14,361.0,0,80.0,TA,TA,TA,TA,Unf,BrkFace,154300
2256,4,2,6,0.0,0,60.0,TA,TA,TA,TA,Unf,None,120500
3159,7,2,11,0.0,1,250.0,TA,Ex,Gd,Gd,RFn,None,242000
3452,5,2,8,0.0,0,75.0,TA,Ex,TA,TA,Fin,None,167000
3422,8,3,10,84.0,1,92.0,Gd,Ex,Ex,Ex,Fin,BrkFace,269500
3834,8,3,8,72.0,1,74.0,Gd,Ex,Gd,Gd,Fin,Stone,244600
2172,5,2,7,0.0,1,60.0,TA,Ex,TA,TA,Unf,None,122900
2475,6,2,8,0.0,0,60.0,TA,Ex,Fa,TA,Fin,None,128000
4455,9,3,10,378.0,1,98.0,Gd,Ex,Ex,Gd,Fin,BrkFace,326000
2280,7,1,7,0.0,2,60.0,TA,Gd,TA,TA,Unf,None,135000
2488,6,2,6,180.0,1,62.45,TA,Ex,TA,TA,Fin,BrkFace,149000
3184,6,2,8,256.0,1,61.0,Gd,Ex,Gd,Gd,RFn,Stone,194700
2376,5,2,6,0.0,0,60.0,TA,TA,TA,Gd,Unf,None,134800
2792,6,2,9,0.0,1,24.0,TA,TA,Gd,Gd,Unf,None,155000
3436,6,2,9,40.0,1,71.28,Gd,Ex,Gd,Gd,RFn,BrkFace,244000
2212,5,1,8,142.0,0,21.0,TA,TA,TA,TA,Unf,BrkFace,112000
2594,7,2,10,500.0,1,64.0,Gd,Ex,Gd,Gd,RFn,BrkFace,198500
3671,7,2,7,0.0,0,73.0,Gd,Ex,Gd,Gd,RFn,None,204900
2236,4,1,7,0.0,0,50.0,TA,TA,TA,TA,Unf,None,128000
2650,5,2,12,320.0,2,60.0,TA,TA,TA,TA,Unf,BrkFace,144000
3846,8,2,9,40.0,1,106.0,Gd,Ex,Gd,Gd,RFn,BrkFace,230500
1260,4,0,4,0.0,0,21.0,TA,Gd,Gd,TA,Unf,None,84500
1007,3,1,5,0.0,0,57.27,TA,TA,TA,TA,Unf,None,72500
4803,8,3,9,731.0,1,71.28,Gd,Ex,Gd,Gd,Fin,BrkFace,340000
3556,4,2,7,0.0,2,68.22,TA,Ex,Gd,Gd,Fin,None,256000
2548,5,2,6,57.0,0,62.45,TA,TA,TA,TA,Unf,BrkFace,128500
2466,6,2,5,0.0,2,57.27,TA,Ex,TA,TA,Unf,None,180000
2889,5,2,7,0.0,0,70.0,TA,Ex,TA,TA,Unf,None,140000
2175,4,0,7,0.0,0,77.0,TA,Fa,TA,TA,Unf,None,128950
4048,8,2,7,0.0,1,62.45,Gd,TA,Gd,Gd,RFn,None,275000
4926,8,3,9,464.0,1,80.0,Gd,Ex,Ex,Gd,Fin,Stone,372500
1924,4,1,7,0.0,0,21.0,TA,TA,TA,TA,RFn,None,88000
3440,6,2,9,0.0,1,71.28,TA,Gd,TA,Gd,RFn,None,185750
3277,6,2,8,480.0,1,71.28,TA,TA,TA,TA,Unf,BrkFace,220000
5308,8,3,9,0.0,1,49.0,Gd,Ex,Ex,Ex,Fin,None,423000
1896,5,1,6,0.0,1,60.0,Gd,Ex,TA,Gd,Unf,None,130500
3454,6,2,8,30.0,2,68.22,TA,Ex,TA,TA,Unf,BrkFace,157500
3318,6,2,8,237.0,1,80.0,Gd,TA,TA,Gd,RFn,BrkFace,174000
2119,4,1,5,0.0,0,50.0,TA,Gd,TA,TA,Unf,None,100000
3864,8,3,9,80.0,1,89.0,Gd,Ex,Gd,Gd,Fin,BrkFace,239000
2116,6,2,4,205.0,1,35.62,Gd,Ex,Gd,Gd,RFn,BrkFace,149000
2399,5,1,7,110.0,0,80.0,TA,TA,TA,TA,RFn,Stone,128000
2704,4,2,6,0.0,0,85.0,TA,TA,TA,Fa,RFn,None,129000
3420,6,2,9,210.0,1,78.0,TA,TA,Gd,Gd,Fin,BrkFace,175500
3808,8,3,10,788.0,1,86.0,Gd,Ex,Gd,Ex,Fin,Stone,281000
2727,5,1,7,0.0,0,68.22,TA,Gd,TA,Gd,Unf,None,149350
3848,6,2,7,0.0,2,62.45,TA,TA,TA,Gd,RFn,None,196000
4476,8,3,12,388.0,1,99.0,Gd,Ex,Ex,Gd,Fin,BrkFace,354000
3279,7,2,9,0.0,0,60.0,TA,TA,Gd,Gd,Unf,None,167500
2260,5,1,8,0.0,1,54.0,TA,Ex,TA,TA,Unf,None,154900
2464,5,1,6,0.0,0,70.0,TA,Ex,TA,TA,Unf,None,129500
1812,4,2,8,0.0,0,72.0,TA,TA,TA,TA,Unf,None,90000
2140,5,1,7,0.0,0,60.0,TA,TA,TA,TA,Unf,None,119000
3391,4,2,10,0.0,1,77.92,TA,Ex,TA,TA,Unf,None,150000
4093,7,3,9,240.0,0,86.0,Gd,Ex,Gd,Gd,RFn,BrkFace,221500
1992,5,0,7,0.0,1,63.0,TA,Ex,TA,TA,Unf,None,108000
4535,8,3,10,391.0,1,92.0,Gd,Ex,Gd,Gd,RFn,BrkFace,290000
3213,7,2,10,0.0,0,84.0,Gd,Ex,Gd,Gd,Fin,None,227875
3319,7,2,9,172.0,1,80.0,Gd,Ex,Gd,Gd,RFn,BrkFace,231500
3677,5,2,9,0.0,0,71.28,TA,TA,TA,TA,Fin,None,185000
3076,7,2,8,0.0,0,73.0,Gd,Ex,Gd,Gd,Fin,None,181134
1294,4,0,9,0.0,0,60.0,TA,TA,TA,TA,Unf,None,106250
2684,5,2,6,0.0,0,100.0,TA,TA,TA,TA,Fin,None,145000
2552,4,1,7,0.0,0,90.0,Fa,Ex,TA,TA,Fin,None,105000
3122,7,1,10,0.0,1,60.0,Fa,TA,TA,TA,Unf,None,122000
2214,7,2,10,0.0,1,76.0,TA,Ex,Gd,TA,RFn,None,170000
4476,8,3,12,466.0,1,82.0,Ex,Ex,Ex,Ex,Fin,BrkFace,361919
3044,8,2,5,0.0,1,37.0,Gd,Ex,Gd,Gd,Fin,None,197000
2110,6,1,7,0.0,1,50.0,TA,TA,Gd,TA,RFn,None,143000
2640,6,2,8,894.0,0,34.0,TA,Gd,Gd,TA,Unf,BrkFace,172500
3200,7,2,8,128.0,1,44.0,Gd,Ex,Gd,Gd,RFn,Stone,224000
3547,6,1,10,576.0,1,100.0,TA,TA,Gd,Gd,Fin,BrkFace,193500
3904,8,2,8,653.0,1,68.22,Gd,TA,Gd,TA,RFn,BrkFace,228000
2080,5,1,6,0.0,0,60.0,TA,TA,TA,TA,Unf,None,127000
4016,8,2,9,186.0,1,75.0,Gd,Ex,Ex,Gd,RFn,Stone,307000
1927,5,1,6,0.0,0,60.0,TA,TA,TA,TA,Unf,None,95000
2496,5,0,11,0.0,0,55.0,TA,Ex,TA,Fa,Unf,None,135900
4688,8,2,14,289.0,2,84.25,Ex,Ex,TA,Gd,Fin,BrkFace,299800
2550,5,1,7,0.0,0,75.0,TA,Ex,Gd,Gd,Unf,None,144000
3151,7,2,9,0.0,0,71.28,Gd,Ex,Gd,Gd,RFn,None,216000
3549,6,2,8,0.0,0,79.0,TA,Ex,Gd,Gd,RFn,None,217000
4332,7,3,9,0.0,0,83.0,Gd,Ex,Gd,Gd,RFn,Stone,248328
3082,8,2,9,0.0,1,121.0,Gd,Gd,TA,Gd,Unf,None,168000
3479,6,2,9,215.0,1,75.0,TA,Ex,Gd,Gd,Fin,BrkFace,208900
2736,5,2,7,0.0,1,80.0,TA,Fa,TA,TA,RFn,None,160000
3032,6,2,8,243.0,0,80.0,Gd,Ex,TA,Gd,Unf,Stone,142000
3585,7,2,10,0.0,1,92.0,Gd,Ex,Gd,TA,Unf,None,269790
3499,6,2,8,571.0,1,68.22,TA,TA,TA,TA,RFn,BrkFace,185000
3012,5,3,8,0.0,1,100.0,TA,Gd,TA,TA,Unf,None,153900
3725,7,2,10,202.0,1,75.0,Gd,Ex,Gd,Gd,Fin,BrkFace,222500
2917,7,2,9,0.0,0,72.0,TA,Ex,Gd,Gd,Unf,None,215200
2710,4,2,8,435.0,0,50.0,TA,TA,Fa,TA,Unf,BrkCmn,89471
3428,5,2,7,0.0,1,144.0,TA,Ex,TA,Gd,RFn,None,223500
1940,5,1,6,0.0,0,73.0,TA,TA,TA,TA,Unf,None,129900
3312,7,2,7,0.0,0,59.0,Gd,Ex,Gd,Gd,RFn,None,196000
1912,4,0,7,0.0,0,60.0,TA,TA,TA,TA,Unf,None,135000
2638,5,2,6,0.0,0,85.0,TA,Ex,Gd,TA,Unf,None,143000
3308,7,2,8,145.0,1,43.0,Gd,Ex,Gd,Gd,Fin,BrkFace,213490
2060,4,1,6,132.0,0,75.0,TA,Ex,TA,TA,Unf,BrkFace,111000
2780,7,1,7,0.0,2,75.0,TA,TA,TA,TA,Unf,None,219500
3253,6,2,7,0.0,0,34.0,Gd,Ex,Gd,Gd,Fin,None,181000
1309,4,0,5,0.0,0,51.0,TA,TA,Gd,Fa,Unf,None,85500
2188,4,0,10,0.0,0,33.0,TA,Gd,TA,TA,Unf,None,113000
3044,7,2,8,108.0,0,64.0,Gd,Ex,Gd,Gd,RFn,BrkFace,195400
2160,7,0,7,120.0,0,63.0,TA,Ex,Gd,Gd,Unf,BrkFace,141000
4206,8,3,9,254.0,0,93.0,Ex,Ex,Ex,Gd,Fin,BrkFace,318000
2233,5,1,7,0.0,0,51.0,TA,TA,TA,TA,Unf,None,88000
4010,9,3,9,162.0,1,85.0,Ex,Ex,Ex,Ex,Fin,Stone,370878
2242,5,1,6,0.0,1,69.0,TA,TA,Gd,TA,Unf,None,128500
1437,5,1,5,0.0,0,50.0,TA,Gd,TA,TA,Unf,None,89000
2114,5,1,6,0.0,1,50.0,TA,Ex,Fa,Fa,Unf,None,119750
1840,4,1,7,0.0,0,60.0,TA,TA,TA,TA,Unf,None,64500
1800,5,0,7,0.0,0,54.0,TA,Gd,TA,TA,Unf,None,94000
2272,5,1,7,0.0,1,80.0,TA,Ex,TA,TA,RFn,None,131400
2463,5,2,10,0.0,1,53.0,TA,Ex,TA,TA,Unf,None,139000
2116,6,2,4,169.0,1,37.0,Gd,Ex,Gd,Gd,RFn,BrkFace,155900
2979,6,2,7,443.0,0,32.0,TA,Ex,Ex,TA,Fin,BrkFace,153500
2160,5,2,6,0.0,0,54.0,TA,Ex,Gd,TA,Unf,None,129500
2072,5,1,6,60.0,0,65.0,TA,TA,TA,TA,RFn,BrkFace,100000
2616,6,2,10,0.0,1,149.0,Gd,Ex,Gd,Gd,Fin,None,174000
4220,8,3,9,100.0,1,93.0,Gd,Ex,Ex,Gd,Fin,Stone,283463
2452,7,2,8,442.0,1,73.0,Gd,Ex,Ex,Gd,Fin,BrkFace,187500
2591,5,2,7,66.0,0,80.0,TA,Gd,TA,TA,Unf,BrkCmn,126500
2625,5,2,7,0.0,0,78.0,TA,Ex,Gd,TA,RFn,None,153500
3469,8,2,7,0.0,1,30.0,Gd,Ex,Gd,Ex,Fin,None,270000
3237,7,2,10,0.0,1,107.0,Gd,Ex,Gd,Gd,RFn,None,190000
2940,5,1,10,288.0,1,69.0,TA,TA,TA,TA,RFn,BrkFace,169500
2820,6,2,7,320.0,0,32.0,TA,Ex,Ex,TA,Fin,BrkFace,162000
2542,6,2,6,0.0,0,62.45,TA,TA,Gd,TA,Unf,None,147000
2226,6,0,11,0.0,1,35.0,TA,Ex,TA,TA,Unf,None,128000
4318,7,2,12,99.0,1,86.0,TA,Ex,Gd,Gd,Unf,BrkFace,262280
4892,10,2,12,0.0,1,75.0,Ex,Gd,TA,Gd,Unf,None,325000
3516,8,3,9,320.0,2,73.0,Gd,Ex,Gd,Gd,Fin,BrkFace,230000
1440,4,0,5,0.0,0,60.0,TA,TA,TA,TA,Unf,None,34900
3237,7,2,8,108.0,0,65.0,TA,Ex,Gd,TA,Unf,BrkFace,179000
2416,5,1,7,0.0,1,65.0,TA,Ex,TA,TA,Unf,None,142000
2709,8,2,7,456.0,0,24.0,Gd,Ex,Gd,Gd,Unf,BrkFace,174000
3596,5,2,9,621.0,0,71.28,TA,Fa,TA,TA,Unf,BrkCmn,190000
3600,5,0,12,0.0,0,80.0,TA,Ex,TA,TA,Unf,None,141000
2746,5,1,7,196.0,1,62.45,TA,TA,TA,TA,RFn,BrkFace,143000
3383,6,2,9,0.0,1,48.0,TA,TA,Gd,TA,Unf,None,181000
2148,5,2,6,0.0,0,110.0,Fa,TA,Gd,TA,Unf,None,110000
2340,5,1,7,0.0,0,68.22,TA,Ex,TA,TA,Unf,None,127000
2564,5,2,7,0.0,0,61.0,TA,TA,Gd,Gd,Unf,None,150500
3056,7,2,8,80.0,0,68.0,Gd,Ex,Gd,Gd,RFn,BrkFace,203000
2614,5,0,12,0.0,0,85.66,TA,Gd,TA,TA,Unf,None,160000
1977,5,1,7,0.0,0,60.0,TA,TA,TA,TA,Unf,None,78000
2708,6,2,6,513.0,1,57.27,Gd,Ex,Gd,Gd,Unf,BrkFace,168500
3996,9,3,9,215.0,1,90.0,Gd,Ex,Gd,Gd,Fin,Stone,285000
2384,5,1,7,0.0,1,79.0,TA,TA,TA,TA,Unf,None,105000
2613,6,2,10,0.0,0,105.0,Gd,Gd,Gd,TA,RFn,None,172785
2836,5,2,7,120.0,0,70.0,TA,TA,TA,TA,Unf,BrkFace,132500
2948,5,2,7,166.0,0,71.0,TA,Gd,TA,Gd,Unf,BrkFace,146000
2725,6,2,8,106.0,0,68.22,TA,Gd,Gd,Gd,RFn,BrkFace,173000
3120,5,1,7,0.0,1,68.22,TA,TA,Gd,TA,Unf,None,165000
1280,4,1,5,0.0,0,60.0,TA,Fa,TA,Fa,Unf,None,68500
2400,4,1,5,0.0,0,57.27,TA,TA,TA,TA,Unf,None,110000
2063,5,1,6,0.0,0,37.0,TA,TA,TA,TA,Unf,None,119500
3112,6,2,6,0.0,0,75.0,Gd,Ex,Gd,Gd,Fin,None,208300
2160,5,1,6,0.0,1,70.0,TA,TA,TA,TA,Unf,None,125000
2952,8,2,9,0.0,0,85.0,Gd,Ex,Ex,Gd,RFn,None,179900
2644,6,2,8,0.0,1,122.0,Gd,Ex,Gd,Gd,Fin,None,174000
2400,5,2,6,300.0,0,72.0,TA,Ex,TA,Gd,Unf,BrkFace,147000
4334,8,3,9,250.0,1,87.0,Gd,Ex,Ex,Gd,RFn,Stone,255500
1990,6,1,7,63.0,0,65.0,TA,Ex,TA,TA,RFn,BrkFace,145000
2799,7,2,9,92.0,1,60.0,Gd,Ex,Gd,Gd,Fin,Stone,165400
3351,7,2,9,18.0,1,71.28,Gd,Ex,Gd,Gd,Fin,BrkFace,234000
3224,8,2,8,178.0,1,44.0,Gd,Ex,Gd,Gd,RFn,Stone,202500
2821,4,1,9,0.0,1,71.28,TA,Gd,TA,TA,Unf,None,104900
1632,6,0,6,104.0,0,81.0,TA,TA,Gd,TA,Unf,BrkFace,118500
3432,8,2,8,32.0,1,64.0,Gd,Ex,Gd,Ex,RFn,BrkFace,265900
4115,6,2,9,119.0,2,85.0,TA,TA,Gd,TA,Unf,Stone,210000
2730,7,1,8,0.0,1,65.0,TA,Ex,TA,TA,Unf,None,144000
4581,5,2,14,1.0,1,109.44,TA,Ex,Gd,TA,RFn,None,190000
2895,6,2,9,360.0,1,80.0,Gd,Ex,TA,TA,RFn,BrkFace,187000
3306,7,3,7,0.0,0,74.0,Gd,Ex,Gd,Gd,RFn,None,194000
4357,7,2,11,293.0,2,42.0,Gd,Ex,Gd,Gd,RFn,BrkFace,335000
2915,7,2,7,0.0,1,60.0,TA,Ex,TA,Ex,Unf,None,178000
3102,6,2,9,0.0,1,58.0,TA,Ex,Gd,TA,Fin,None,173000
2617,6,2,8,0.0,1,24.0,TA,TA,TA,TA,Unf,None,147000
2852,6,2,8,101.0,1,84.0,TA,Ex,TA,TA,RFn,BrkFace,160000
3086,7,1,10,0.0,0,60.0,TA,Ex,TA,TA,Unf,None,184000
6364,10,3,13,1378.0,1,118.0,Gd,Ex,Ex,Gd,Fin,BrkFace,625000
1512,5,0,6,0.0,1,55.0,TA,Ex,TA,TA,Unf,None,87000
4788,8,3,10,528.0,1,52.0,Gd,Ex,Gd,Gd,RFn,BrkFace,402000
2216,4,1,7,0.0,0,50.0,TA,TA,TA,TA,Unf,None,40000
2950,5,2,7,203.0,0,85.0,TA,TA,TA,TA,Unf,BrkCmn,98600
2093,5,1,7,0.0,0,60.0,TA,Gd,TA,TA,Unf,None,119900
2659,5,1,7,70.0,2,75.0,Gd,Ex,TA,TA,Unf,BrkCmn,164900
2158,5,1,6,114.0,0,62.45,TA,TA,TA,TA,Unf,BrkFace,137000
3131,7,2,10,0.0,0,57.0,TA,Ex,Gd,Gd,Fin,None,188000
2080,5,0,7,136.0,0,60.0,TA,TA,Gd,TA,Unf,BrkFace,124000
2456,7,2,8,0.0,0,50.0,TA,Ex,TA,TA,Unf,None,143000
2900,7,1,8,0.0,1,50.0,Gd,Ex,TA,Ex,Unf,None,155000
2500,7,2,7,0.0,0,35.0,Gd,Ex,Gd,Gd,Fin,None,171900
2862,6,2,10,0.0,1,77.92,TA,Gd,Gd,TA,Fin,None,188000
2726,5,2,7,0.0,0,50.0,TA,TA,TA,TA,Unf,None,130000
1664,5,0,10,0.0,0,75.0,TA,TA,TA,TA,Unf,None,100000
3584,7,2,9,168.0,0,70.0,Gd,Ex,Gd,Gd,RFn,BrkFace,214000
2191,4,2,6,0.0,0,70.0,TA,Ex,TA,TA,Unf,None,124500
2352,4,1,7,48.0,0,73.0,TA,TA,TA,TA,Fin,BrkFace,94750
4234,6,2,9,480.0,1,105.0,TA,Ex,Gd,TA,RFn,BrkFace,190000
1925,6,0,6,250.0,0,35.0,TA,TA,Gd,TA,Unf,BrkFace,127500
2464,5,2,8,0.0,1,70.0,TA,Ex,Gd,TA,RFn,None,175000
5770,8,3,15,603.0,1,47.0,Ex,Ex,Gd,Ex,Fin,BrkFace,538000
3744,7,1,11,0.0,2,66.0,Ex,Ex,TA,Gd,RFn,None,266500
2261,4,2,5,0.0,0,57.27,TA,Ex,TA,TA,Unf,None,82500
1128,4,0,6,0.0,0,50.0,Fa,Gd,TA,Fa,Unf,None,82500
3360,6,2,6,216.0,2,120.0,TA,Gd,Fa,TA,RFn,BrkFace,110000
2968,5,1,7,0.0,0,70.0,TA,TA,TA,TA,Unf,None,132500
3060,6,2,9,0.0,1,62.0,TA,Ex,Gd,TA,RFn,None,175000
2754,5,1,9,0.0,0,60.0,TA,TA,Fa,TA,Unf,None,139000
4539,8,2,12,0.0,2,78.0,TA,TA,Gd,TA,Unf,None,359100
2780,5,1,8,200.0,1,78.0,TA,Gd,TA,TA,Fin,BrkFace,132000
2020,5,1,6,65.0,0,62.45,TA,TA,TA,TA,RFn,BrkFace,110000
3700,6,2,8,28.0,2,68.22,TA,Gd,TA,Gd,RFn,BrkFace,205000
2934,7,2,9,0.0,0,60.0,TA,Ex,Fa,Gd,Unf,None,157000
1728,5,0,5,0.0,0,56.0,TA,Ex,Fa,TA,Unf,None,99900
2572,6,1,7,0.0,0,80.0,TA,TA,TA,TA,Unf,None,119000
1666,5,0,6,0.0,0,62.45,TA,Ex,TA,TA,Unf,None,112000
2936,6,2,8,120.0,1,68.22,TA,TA,Gd,TA,Fin,BrkFace,190000
1904,5,1,5,0.0,1,57.27,TA,TA,Gd,TA,Fin,None,115000
3114,7,2,10,196.0,0,65.0,Gd,Ex,Gd,Gd,RFn,BrkFace,208500
2766,7,2,11,0.0,0,50.0,TA,Gd,TA,TA,Unf,None,140000
2576,7,2,9,0.0,1,58.0,Gd,Ex,Gd,Gd,RFn,None,179665
3008,7,2,10,101.0,0,72.0,Gd,Ex,Gd,Gd,RFn,BrkFace,180000
3080,7,2,9,100.0,0,65.0,Gd,Ex,Gd,Gd,Fin,Stone,241000
3336,7,2,8,98.6,0,95.0,Gd,Ex,Gd,Gd,Fin,None,182000
1985,5,1,5,0.0,0,50.0,TA,TA,TA,TA,Unf,None,79500
2524,8,2,8,0.0,1,74.0,Gd,Ex,Ex,Gd,Fin,None,178000
2472,6,1,7,0.0,1,50.0,TA,Ex,TA,TA,Unf,None,132500
1984,5,1,5,0.0,0,36.0,TA,TA,Gd,TA,Unf,None,85000
3190,7,2,9,42.0,1,80.0,TA,TA,Gd,TA,Unf,BrkFace,196500
2486,5,2,5,0.0,2,57.27,TA,TA,Gd,TA,Unf,None,135960
1757,5,1,6,0.0,0,55.0,TA,Fa,TA,TA,Unf,None,96500
1928,6,2,6,0.0,0,60.0,TA,TA,Fa,TA,Unf,None,76000
4124,9,3,12,154.0,1,96.0,Ex,Ex,Ex,Ex,Fin,Stone,335000
4093,8,3,11,348.0,1,92.0,Gd,Ex,Gd,Gd,Fin,BrkFace,290000
2792,5,2,8,0.0,0,68.22,TA,TA,Gd,Ex,RFn,None,175000
2460,6,2,8,0.0,1,73.0,TA,Ex,Gd,Gd,Fin,None,156932
5034,6,2,12,98.6,2,85.52,Gd,TA,TA,TA,RFn,None,200624
3690,7,3,9,0.0,1,182.0,Gd,Ex,Gd,Gd,Fin,None,259000
2688,7,2,8,138.0,0,71.28,TA,Gd,TA,Gd,Fin,BrkFace,184000
1584,5,1,5,0.0,0,60.0,TA,Ex,TA,TA,Unf,None,108000
4468,8,3,11,344.0,1,76.0,Gd,Ex,Ex,Gd,RFn,BrkFace,317000
2955,8,2,8,16.0,1,43.0,Gd,Ex,Gd,Gd,Fin,BrkFace,192000
2520,6,2,7,0.0,1,52.0,TA,TA,TA,TA,Unf,None,114500
1440,3,2,8,340.0,0,68.22,TA,Fa,TA,TA,Unf,BrkFace,87500
4822,6,2,10,0.0,2,60.0,Gd,Ex,Gd,TA,Unf,None,256000
2856,4,2,8,0.0,0,60.0,TA,TA,Gd,TA,Unf,None,108959
4821,6,2,13,424.0,1,84.25,TA,TA,Gd,TA,Fin,BrkFace,272000
2332,6,1,7,0.0,1,59.0,TA,TA,TA,TA,Unf,None,118400
3559,5,2,12,0.0,0,85.0,TA,TA,TA,TA,Unf,None,90000
2008,4,1,6,0.0,0,71.0,TA,Gd,TA,TA,Unf,None,116050
2984,7,2,9,95.0,0,68.0,Gd,Ex,Gd,Gd,RFn,BrkFace,195000
2720,5,2,7,0.0,0,70.0,TA,TA,TA,TA,Unf,None,140000
5128,8,2,12,0.0,1,85.66,Gd,TA,Gd,Gd,Fin,None,287000
3362,5,1,6,0.0,2,65.0,TA,Ex,TA,Ex,Unf,None,143000
1961,4,1,7,0.0,0,60.0,TA,Gd,Fa,TA,Unf,None,100000
4308,8,2,9,366.0,1,88.0,Gd,Ex,Gd,Gd,Fin,Stone,257000
3798,6,2,9,0.0,1,71.28,TA,Gd,Gd,TA,Unf,None,163500
2844,5,2,10,0.0,1,76.0,TA,Gd,Gd,Gd,Unf,None,140000
3016,7,2,9,0.0,1,71.28,Gd,Ex,Gd,Gd,Fin,None,194500
3273,7,2,9,117.0,1,44.0,Gd,Ex,Gd,Gd,RFn,BrkFace,187500
2320,5,1,7,0.0,0,52.0,TA,Gd,TA,TA,Unf,None,87000
2699,6,1,7,0.0,1,50.0,TA,TA,TA,Gd,Unf,None,141000
1764,4,0,5,0.0,0,55.0,TA,Ex,TA,TA,Unf,None,103200
3108,6,2,9,0.0,1,60.0,TA,Ex,TA,TA,Unf,None,180500
3882,8,2,9,36.0,0,75.0,Gd,Ex,Gd,Gd,RFn,Stone,262500
2316,5,2,7,0.0,1,60.0,TA,TA,TA,TA,Unf,None,130000
4034,6,2,11,0.0,2,85.52,Gd,Ex,Gd,Gd,Fin,None,240000
2843,5,1,9,0.0,1,52.0,TA,Ex,TA,TA,Unf,None,149000
2803,8,2,10,0.0,0,152.0,Gd,Gd,Gd,TA,RFn,None,164000
3915,7,3,10,292.0,1,85.0,Gd,Ex,Gd,Gd,RFn,BrkFace,284000
3311,7,2,11,0.0,1,168.0,Gd,Ex,Ex,Gd,RFn,None,274725
2906,5,2,6,76.0,0,62.45,TA,TA,TA,TA,Unf,BrkFace,148500
5937,8,3,11,579.0,1,56.0,Gd,Ex,Gd,Gd,Fin,BrkFace,410000
2464,5,0,6,0.0,0,70.0,TA,TA,Gd,TA,Unf,None,107500
2539,3,0,7,0.0,0,105.0,Fa,TA,TA,Fa,Unf,None,85000
4518,6,2,9,184.0,2,71.28,TA,TA,Gd,Gd,Unf,BrkFace,217000
2066,5,1,7,75.0,0,68.22,TA,TA,TA,TA,Unf,BrkFace,125500
2685,7,2,8,360.0,0,24.0,TA,Gd,Gd,TA,Unf,BrkFace,179400
2858,6,1,6,212.0,1,62.45,TA,TA,TA,TA,RFn,BrkFace,157000
2570,6,2,8,68.0,1,68.22,Ex,Gd,Gd,TA,Fin,BrkFace,185000
3000,7,2,9,0.0,1,62.0,Gd,Ex,Gd,Gd,Fin,None,183500
3006,6,2,9,288.0,1,80.0,TA,Gd,TA,TA,RFn,None,165150
3171,6,2,9,0.0,1,71.28,TA,TA,TA,TA,Unf,None,161500
2736,6,2,9,0.0,1,24.0,TA,TA,TA,TA,Unf,None,148500
3504,7,3,8,45.0,1,53.0,Gd,Ex,Gd,Gd,Fin,BrkFace,246578
3096,6,2,7,68.0,0,60.0,Gd,Gd,Gd,Gd,Fin,Stone,185000
4240,8,2,6,0.0,1,79.0,Gd,Ex,Gd,Gd,Fin,None,316600
2615,6,1,7,0.0,1,74.0,TA,Fa,TA,TA,Unf,None,188700
3380,5,2,6,0.0,1,62.45,TA,Ex,Gd,Gd,Unf,None,194000
1999,5,0,8,0.0,0,62.0,TA,Gd,TA,TA,Unf,None,127500
1828,5,1,6,0.0,0,50.0,TA,Ex,TA,TA,Unf,None,115000
2872,7,2,8,0.0,0,64.0,Gd,Ex,Gd,Gd,RFn,None,185900
3097,3,2,9,0.0,0,107.0,TA,TA,Fa,TA,Unf,None,95000
2880,4,0,10,270.0,0,92.0,TA,TA,TA,Fa,Unf,BrkFace,118000
1440,3,2,8,0.0,0,60.0,TA,Gd,TA,TA,Unf,None,93500
2530,5,0,9,0.0,0,60.0,TA,Ex,TA,TA,Unf,None,102000
2252,6,1,6,0.0,0,62.45,TA,TA,TA,TA,Unf,None,115000
2009,5,1,6,0.0,0,60.0,TA,Gd,TA,TA,Unf,None,109000
3221,7,2,10,44.0,1,80.0,Gd,Ex,Gd,Gd,Fin,BrkFace,214900
3866,8,2,10,438.0,1,80.0,Gd,Ex,Gd,Gd,RFn,BrkFace,240000
3333,6,2,10,272.0,1,100.0,TA,TA,TA,TA,RFn,BrkCmn,165000
3164,7,2,9,0.0,0,65.0,Gd,Ex,Gd,Gd,RFn,None,190000
3695,7,2,10,302.0,1,66.0,Gd,Ex,Gd,Gd,Fin,BrkFace,230000
2647,4,1,7,0.0,0,68.22,TA,Ex,TA,TA,RFn,None,135000
8522,10,3,14,762.0,1,130.0,Ex,Ex,Ex,Ex,Fin,Stone,184750
3591,7,2,8,244.0,0,70.0,Gd,Ex,Gd,Gd,RFn,BrkFace,235000
2404,6,1,6,206.0,1,60.0,TA,TA,TA,TA,Unf,BrkFace,119200
2765,5,1,9,0.0,1,60.0,TA,Gd,TA,TA,Unf,None,131000
2172,5,1,6,0.0,0,99.0,TA,TA,TA,TA,RFn,None,125000
2880,4,0,10,0.0,0,42.0,TA,TA,Gd,TA,Unf,None,150000
3902,8,3,10,72.0,1,77.92,Gd,Ex,Gd,Gd,Fin,BrkFace,248000
2456,5,1,7,151.0,0,68.22,TA,TA,TA,TA,Unf,BrkFace,135000
2762,5,2,8,0.0,0,71.28,TA,TA,TA,TA,Unf,None,128500
2422,7,2,7,182.0,0,59.0,Gd,Ex,Gd,Gd,Fin,Stone,190000
4860,10,3,11,272.0,1,96.0,Ex,Ex,Ex,Ex,Fin,Stone,426000
4456,9,3,8,766.0,1,65.0,Ex,Ex,Ex,Ex,Fin,BrkFace,367294
2580,7,2,8,0.0,1,71.0,Gd,Ex,Gd,Gd,Fin,None,188500
1734,6,1,6,158.0,0,21.0,TA,TA,TA,TA,Unf,BrkFace,100000
2572,6,1,7,0.0,1,76.0,TA,TA,TA,TA,Fin,None,171000
2744,5,2,7,136.0,0,75.0,TA,Gd,TA,TA,Unf,BrkFace,139950
2930,6,2,10,74.0,1,78.0,TA,Ex,Gd,TA,Fin,BrkFace,178000
2943,6,1,7,0.0,0,51.0,TA,Ex,TA,TA,Unf,None,115000
2688,5,0,10,0.0,0,60.0,TA,TA,Gd,TA,Unf,None,136000
3698,5,2,9,459.0,1,80.0,TA,Ex,Gd,Gd,Fin,BrkFace,217500
3068,6,2,8,88.0,0,68.22,TA,Gd,Gd,Gd,RFn,BrkFace,179200
3818,5,2,10,564.0,0,87.0,TA,TA,TA,TA,Unf,BrkFace,135000
3857,7,2,8,0.0,1,68.22,Gd,Gd,Gd,Gd,Fin,None,207500
4249,8,3,9,336.0,1,79.0,Gd,Ex,Ex,Gd,RFn,Stone,297000
1665,5,2,6,0.0,0,60.0,TA,TA,TA,TA,Unf,None,109500
3151,6,2,10,0.0,1,57.0,TA,Gd,TA,TA,Unf,None,177000
4139,5,3,6,226.0,2,50.0,TA,Gd,TA,TA,RFn,BrkFace,186700
2656,5,2,7,0.0,0,82.0,TA,Gd,Gd,Gd,Unf,None,152000
2052,5,1,7,0.0,1,68.0,TA,TA,TA,TA,RFn,None,123000
5194,8,2,11,0.0,3,75.0,Gd,Gd,Gd,Ex,Fin,None,345000
4441,9,3,10,584.0,1,85.0,Ex,Ex,Ex,Ex,Fin,BrkFace,315000
4126,8,3,9,248.0,1,98.0,Gd,Ex,Gd,Gd,RFn,Stone,250000
3403,5,1,7,0.0,2,47.0,TA,TA,TA,TA,RFn,None,207500
3077,6,2,9,0.0,1,71.28,TA,Ex,Gd,TA,RFn,None,181000
2208,5,1,7,0.0,0,70.0,TA,Ex,TA,TA,Unf,None,130500
2726,6,2,10,0.0,1,70.0,TA,Gd,Gd,TA,Fin,None,185000
2039,6,0,8,0.0,0,60.0,TA,TA,TA,Gd,Unf,None,127000
3086,6,2,8,0.0,1,77.0,TA,TA,TA,Gd,RFn,None,159000
3341,7,2,8,209.0,1,85.0,TA,TA,TA,TA,Fin,BrkFace,82500
1092,4,0,9,0.0,0,70.0,Fa,Fa,TA,Fa,Unf,None,55000
2492,6,2,6,0.0,0,61.0,TA,Gd,TA,Gd,RFn,None,156000
1486,5,1,5,0.0,1,40.0,TA,TA,TA,Gd,Unf,None,90350
3627,4,2,13,0.0,0,60.0,TA,Gd,TA,TA,Unf,None,122500
3269,7,2,10,0.0,0,95.0,Gd,Ex,Gd,Gd,RFn,None,200000
2472,5,1,5,0.0,0,60.0,TA,Ex,TA,TA,Unf,None,108480
2838,5,2,7,275.0,2,64.0,TA,TA,Gd,TA,Unf,Stone,153337
1924,4,1,7,80.0,0,21.0,TA,Fa,TA,TA,Unf,BrkFace,75000
5833,7,3,13,0.0,1,87.0,TA,Ex,TA,Gd,Unf,None,295000
2314,6,1,8,143.0,0,80.0,TA,TA,TA,TA,Fin,Stone,158000
2099,6,0,8,0.0,0,60.0,TA,Gd,TA,TA,Unf,None,79900
3330,6,2,10,0.0,1,77.92,Gd,TA,Gd,Gd,Unf,None,274970
2496,5,1,10,0.0,0,60.0,TA,Ex,Fa,TA,Unf,None,135000
3840,5,2,10,0.0,0,100.0,TA,TA,TA,TA,Unf,None,143000
2370,5,2,5,0.0,0,49.0,TA,TA,TA,TA,RFn,None,125000
2828,5,2,9,0.0,1,60.0,TA,Gd,Fa,Gd,Unf,None,170000
3187,7,2,8,18.0,1,68.22,Gd,Ex,Gd,Gd,Fin,BrkFace,178740
3351,7,2,7,0.0,1,68.22,TA,Gd,Gd,Gd,RFn,None,190000
2685,6,2,9,0.0,1,71.28,Gd,Ex,Gd,Gd,Fin,None,183200
4398,8,3,9,238.0,1,69.0,Gd,Ex,Gd,Gd,Fin,BrkFace,319000
3445,7,2,8,100.0,1,70.0,Gd,Ex,Gd,Gd,RFn,BrkFace,192000
1725,6,0,7,0.0,0,68.22,TA,TA,TA,Fa,Unf,None,89500
2968,7,2,7,0.0,2,60.0,TA,Fa,Gd,TA,Unf,None,163000
2099,5,1,6,1.0,0,70.0,TA,Ex,TA,TA,RFn,None,114500
3366,7,2,7,0.0,0,99.0,TA,Ex,Gd,TA,RFn,None,180500
4078,8,3,11,0.0,1,85.0,Gd,Ex,Gd,Gd,RFn,None,252000
2568,6,2,7,0.0,0,65.0,TA,Gd,Gd,TA,Unf,None,151000
2388,5,1,7,0.0,1,60.0,Gd,Gd,TA,TA,Unf,None,133000
4776,8,3,9,208.0,2,88.0,Gd,Ex,Ex,Gd,RFn,BrkFace,369900
3066,6,2,9,0.0,1,60.0,TA,Ex,Fa,TA,Unf,None,163000
2298,5,1,8,220.0,0,65.0,Gd,TA,Gd,TA,Unf,BrkFace,149900
1728,5,0,6,0.0,0,67.0,TA,TA,TA,TA,Unf,None,98000
1928,3,1,6,0.0,0,45.0,TA,TA,TA,TA,Unf,None,58500
3092,5,2,6,650.0,1,74.0,TA,Gd,TA,TA,Fin,BrkFace,153000
2993,5,2,7,324.0,2,73.0,TA,TA,TA,TA,Unf,BrkFace,167500
3071,6,2,7,0.0,0,90.0,TA,TA,TA,TA,Unf,None,149700
3040,6,1,8,164.0,2,80.0,TA,Ex,TA,TA,RFn,BrkFace,153000
3003,8,2,8,0.0,0,70.0,Gd,Ex,Gd,Gd,Fin,None,227000
2688,6,2,8,541.0,1,71.28,TA,Gd,TA,Gd,RFn,BrkFace,137500
3260,6,2,10,98.6,2,77.92,Gd,Ex,Gd,Gd,Fin,None,216500
3645,8,2,8,0.0,0,41.0,Gd,Ex,Gd,Ex,RFn,None,251000
2284,6,1,8,0.0,2,55.0,TA,TA,TA,Gd,Unf,None,165000
3210,6,1,8,183.0,1,80.0,TA,Gd,TA,TA,RFn,BrkCmn,139000
3006,5,2,8,0.0,2,71.28,TA,TA,TA,TA,Unf,None,160000
2482,8,1,8,0.0,1,71.28,TA,Fa,TA,Gd,Unf,None,161000
2472,5,1,7,116.0,1,68.22,TA,TA,TA,TA,Unf,BrkFace,139000
3296,7,2,11,342.0,1,85.52,TA,Gd,TA,TA,RFn,BrkFace,176000
3925,7,3,8,150.0,1,118.0,Gd,Ex,Gd,Gd,RFn,BrkFace,205000
2690,6,2,9,130.0,1,70.0,TA,TA,Gd,TA,Unf,BrkFace,171000
2624,5,1,7,0.0,0,71.0,TA,TA,TA,TA,Unf,None,124000
3913,9,2,7,60.0,1,50.0,Gd,Ex,Ex,Gd,Fin,BrkFace,328900
3819,8,2,7,0.0,1,39.0,Gd,Ex,Gd,Gd,RFn,None,236500
3815,6,2,13,0.0,1,79.0,TA,Fa,Ex,TA,Fin,None,191000
2959,4,1,9,0.0,0,60.0,TA,Ex,TA,TA,Unf,None,135000
2739,5,1,8,252.0,2,60.0,TA,Ex,Gd,Gd,Unf,BrkFace,175000
3358,7,2,9,16.0,1,43.0,Gd,Ex,Gd,Gd,Fin,BrkFace,192500
2976,6,2,9,0.0,1,57.0,TA,Gd,Gd,TA,Fin,None,169000
3242,7,2,8,0.0,1,64.0,Gd,Ex,Gd,Gd,RFn,None,193879
2804,6,2,7,0.0,0,66.0,TA,Ex,Gd,Gd,Unf,None,155000
4476,9,3,10,450.0,1,83.0,Ex,Ex,Ex,Ex,Fin,Stone,395192
2992,5,2,9,0.0,1,71.28,TA,Gd,Gd,TA,Unf,None,169000
3200,7,2,8,146.0,1,59.0,Gd,Ex,Gd,Gd,RFn,Stone,207000
4106,8,2,9,281.0,1,75.0,Gd,Ex,Gd,Gd,RFn,BrkFace,230000
2907,4,2,8,0.0,0,90.0,TA,TA,Gd,TA,RFn,None,137500
3470,7,2,9,106.0,0,63.0,Gd,Ex,Gd,Gd,RFn,BrkFace,179600
3786,7,2,8,0.0,2,100.0,TA,TA,TA,TA,Fin,None,289000
1260,4,0,4,0.0,0,21.0,TA,Gd,Gd,TA,Unf,None,81000
2902,7,2,8,0.0,0,68.22,TA,Ex,Gd,Gd,Unf,None,173000
3659,8,2,7,0.0,1,40.0,Gd,Ex,Gd,Ex,Fin,None,278000
3524,7,2,8,125.0,0,93.0,Gd,Ex,Gd,Gd,RFn,BrkFace,191000
3201,6,1,9,320.0,1,78.0,TA,Ex,TA,TA,Unf,BrkFace,143000
2496,5,2,5,0.0,0,100.0,TA,Ex,TA,TA,RFn,None,113000
2481,5,3,8,0.0,0,34.0,TA,Fa,TA,TA,Unf,None,98000
2321,5,1,6,0.0,1,58.0,TA,TA,TA,TA,Unf,None,113000
2513,4,2,7,0.0,0,60.0,TA,Gd,Fa,TA,Unf,None,125500
2180,5,1,5,0.0,0,74.0,TA,Ex,TA,TA,Fin,None,129000
2556,5,2,6,0.0,0,43.0,TA,Ex,Gd,TA,Unf,None,156000
2441,5,2,7,0.0,0,55.0,TA,Gd,TA,TA,Unf,None,132500
3172,7,2,7,0.0,0,55.0,Gd,Gd,TA,Ex,Unf,None,205000
3113,6,2,9,340.0,1,80.0,TA,Gd,TA,Gd,RFn,BrkFace,187000
2268,4,2,9,0.0,1,80.0,TA,TA,TA,TA,Fin,None,134432
2984,6,0,9,0.0,0,92.0,TA,Ex,TA,TA,Unf,None,104000
2624,6,1,6,0.0,2,79.0,TA,TA,TA,Fa,Unf,None,133000
2324,5,1,5,0.0,0,60.0,TA,TA,TA,TA,Unf,None,85000
3282,5,2,9,232.0,1,71.28,TA,Ex,TA,TA,RFn,BrkFace,172000
3042,5,2,6,0.0,0,51.0,TA,TA,TA,TA,Unf,None,141500
3108,7,2,9,0.0,1,70.0,Gd,Ex,Gd,Gd,RFn,None,191000
2268,6,1,8,0.0,0,60.0,TA,Ex,TA,TA,Unf,None,114504
2424,5,1,7,0.0,0,60.0,TA,Gd,TA,Gd,Unf,None,125000
3877,7,2,11,0.0,2,85.52,Gd,TA,TA,Gd,RFn,None,294000
2496,4,2,7,160.0,0,60.0,TA,TA,TA,TA,Unf,BrkFace,129000
4180,7,2,10,0.0,1,70.0,Gd,Ex,Gd,Gd,Fin,None,216837
1349,5,1,5,0.0,0,50.0,TA,Gd,Fa,TA,Unf,None,91300
1920,4,1,6,0.0,0,62.45,TA,Ex,TA,TA,Unf,None,112000
3991,8,3,9,194.0,1,78.0,Gd,Ex,Gd,Ex,Fin,Stone,287090
3466,8,2,9,140.0,0,76.0,Gd,Ex,Gd,Gd,Fin,Stone,225000
3960,5,3,10,0.0,0,65.0,TA,TA,TA,TA,Unf,None,124000
2782,6,2,7,183.0,0,82.0,TA,TA,TA,TA,RFn,BrkFace,174900
3013,7,2,9,0.0,1,71.28,Gd,Ex,Gd,Gd,Fin,None,225000
3314,7,2,8,162.0,1,68.0,Gd,Ex,Gd,Gd,RFn,BrkFace,223500
3828,7,3,9,306.0,1,91.0,Gd,Ex,Gd,Gd,RFn,Stone,279500
2225,5,2,6,0.0,0,70.0,TA,TA,TA,TA,Unf,None,112500
2096,6,1,5,0.0,1,57.27,TA,Fa,TA,Fa,Unf,None,121000
2441,6,2,10,0.0,0,68.0,TA,TA,TA,TA,Unf,None,112000
1828,6,2,6,0.0,0,60.0,TA,Gd,TA,TA,Unf,None,105900
3152,5,1,10,0.0,1,60.0,TA,Ex,TA,Gd,Unf,None,179500
4396,8,3,9,328.0,1,93.0,Gd,Ex,Ex,Ex,RFn,Stone,318000
3193,6,2,6,0.0,1,75.0,TA,Ex,TA,TA,Unf,None,140000
3229,7,2,10,0.0,1,41.0,Gd,Ex,Gd,Gd,Fin,None,195000
2554,6,1,9,0.0,0,71.28,TA,TA,TA,Fa,Unf,None,140000
3237,7,2,9,0.0,0,75.0,Gd,Gd,Gd,Gd,RFn,None,226700
2108,5,1,5,0.0,0,70.0,TA,TA,Gd,TA,Unf,None,132000
2332,5,2,6,0.0,0,92.0,TA,Gd,Fa,TA,Unf,None,127000
2124,5,1,6,0.0,1,65.0,TA,Ex,TA,TA,Unf,None,138500
3563,7,2,9,109.0,0,70.0,Gd,Ex,Gd,Gd,RFn,BrkFace,213000
4684,5,0,15,0.0,1,138.0,TA,TA,TA,Ex,RFn,None,200500
2600,5,1,7,0.0,0,70.0,TA,Ex,TA,TA,RFn,None,141000
3628,6,2,7,399.0,1,120.0,TA,TA,TA,TA,Unf,BrkFace,176000
2833,6,2,6,99.0,1,78.0,TA,Fa,TA,Gd,RFn,BrkFace,181000
3051,7,2,8,84.0,0,64.0,Gd,Ex,Gd,Gd,RFn,Stone,194000
3132,7,2,8,54.0,1,50.0,TA,TA,Gd,TA,Fin,BrkFace,180000
2064,5,1,7,90.0,0,68.22,Gd,Ex,TA,TA,Unf,BrkFace,136500
3347,6,2,9,310.0,1,71.28,Gd,Ex,Gd,Gd,Fin,BrkFace,182900
1842,5,0,9,0.0,0,58.0,TA,TA,TA,TA,Unf,None,81000
3197,7,2,9,0.0,0,71.28,Gd,Ex,Gd,Gd,RFn,None,194500
3201,5,2,7,0.0,1,68.22,TA,Gd,TA,TA,Unf,None,168000
2682,4,2,7,0.0,0,80.0,TA,Ex,Gd,TA,RFn,None,140000
2886,5,2,6,0.0,0,60.0,TA,TA,TA,Fa,Unf,None,100000
4473,8,3,10,673.0,1,82.0,Gd,Ex,Gd,Gd,RFn,BrkFace,337000
2256,5,1,7,0.0,0,66.0,TA,Gd,TA,Gd,Unf,None,134500
2700,6,1,7,220.0,0,73.0,TA,TA,TA,TA,RFn,BrkFace,148000
3451,6,2,9,0.0,1,60.0,TA,Fa,TA,TA,Unf,None,136500
2420,5,1,7,0.0,0,70.0,TA,Fa,TA,TA,RFn,None,139000
1686,4,2,8,0.0,0,70.0,TA,TA,TA,TA,Unf,None,101800
4444,7,3,11,290.0,1,82.0,Gd,Ex,Gd,Gd,RFn,BrkFace,290000
2672,6,2,6,261.0,0,87.0,TA,TA,TA,TA,Unf,BrkFace,160000
